user_id,rec_date,market_regime_at_rec,treatment,propensity,outcome_30d_return_pct,true_ite
1,2026-04-19,volatile,0,0.1868,1.187,0.385
2,2024-09-02,volatile,0,0.131,-0.565,-0.042
3,2025-02-02,bear,1,0.1383,1.143,-1.004
4,2024-05-31,bear,0,0.11,2.014,-2.196
5,2026-02-02,volatile,0,0.1756,-0.772,-0.491
6,2025-07-02,volatile,0,0.1009,-0.782,-2.203
7,2024-04-07,bull,1,0.4233,2.195,1.028
8,2025-11-06,bull,1,0.6753,5.369,3.27
9,2026-03-10,volatile,0,0.2802,-2.404,-0.478
10,2025-09-16,bear,0,0.1012,1.059,-1.763
11,2026-01-01,bear,0,0.0509,-2.76,-2.466
12,2024-09-27,bull,1,0.617,3.43,3.512
13,2025-02-09,bear,0,0.05,2.182,-1.884
14,2026-02-10,volatile,0,0.2639,5.134,-0.722
15,2025-07-12,bear,1,0.1907,-1.758,-2.044
16,2025-07-15,bear,1,0.201,-1.652,-0.534
17,2025-11-26,bull,1,0.5558,2.33,2.54
18,2025-07-17,bear,1,0.1493,-1.849,-2.468
19,2024-05-21,bear,0,0.1137,-0.572,-2.388
20,2024-08-04,bear,0,0.2797,-0.646,-1.48
21,2025-12-06,bear,1,0.1332,-1.491,-1.481
22,2024-08-29,volatile,0,0.3388,1.219,-0.25
23,2025-08-30,bull,1,0.8939,4.593,4.032
24,2025-03-18,bear,0,0.0708,-0.703,-2.506
25,2025-07-22,bear,0,0.1011,-0.546,-2.858
26,2024-08-25,volatile,0,0.1684,-0.068,-0.399
27,2024-10-27,volatile,1,0.1117,-2.109,-1.089
28,2025-09-19,bear,0,0.0881,-0.511,-1.863
29,2024-06-29,bear,0,0.1055,1.514,-1.873
30,2024-10-25,volatile,0,0.1259,0.175,-1.148
31,2026-06-14,bull,0,0.3077,-2.18,1.907
32,2024-06-12,bear,0,0.3122,2.28,-1.338
33,2025-06-15,bull,0,0.6005,1.245,2.696
34,2024-06-12,bear,0,0.1245,-1.517,-1.953
35,2025-10-05,bull,1,0.6258,2.816,2.699
36,2024-05-22,bear,0,0.1921,-0.553,-1.494
37,2025-06-12,bull,1,0.6869,4.164,2.528
38,2025-02-16,bear,0,0.2259,0.103,-1.754
39,2025-09-22,bull,0,0.5951,0.496,2.802
40,2024-02-04,volatile,0,0.3411,0.354,-0.361
41,2025-04-23,bear,0,0.2238,-1.555,-1.816
42,2025-05-16,volatile,0,0.4335,2.698,-0.098
43,2024-08-28,volatile,1,0.2856,0.952,-0.587
44,2024-10-17,volatile,1,0.3685,-0.399,-0.006
45,2025-10-05,bull,1,0.3861,3.284,2.457
46,2025-05-24,volatile,0,0.2457,2.073,-0.382
47,2025-06-16,bull,1,0.5726,3.033,2.319
48,2026-04-21,volatile,1,0.189,1.231,-1.612
49,2025-01-17,volatile,0,0.1181,4.873,-0.709
50,2026-02-22,volatile,0,0.2617,0.356,-0.968
51,2026-05-24,volatile,1,0.1007,-1.513,-1.173
52,2025-06-14,bull,0,0.223,-1.039,1.822
53,2024-08-03,bear,0,0.1027,-2.796,-2.148
54,2025-01-28,bear,0,0.0898,2.482,-2.086
55,2024-03-13,bull,0,0.6072,0.185,3.524
56,2025-09-28,bull,1,0.5828,5.405,3.446
57,2024-09-25,bull,1,0.221,3.534,1.554
58,2026-04-10,bull,1,0.648,2.28,3.247
59,2025-08-19,bull,1,0.4265,1.396,2.264
60,2025-03-31,volatile,1,0.2333,2.877,-0.363
61,2024-07-12,bear,0,0.1265,0.478,-2.017
62,2024-04-27,bull,1,0.6146,2.091,2.512
63,2025-09-05,bull,1,0.6423,1.075,2.063
64,2025-11-25,bull,0,0.5518,0.377,2.269
65,2024-09-19,bull,1,0.7254,5.869,2.882
66,2024-02-11,bull,1,0.5428,4.189,2.571
67,2024-11-04,volatile,1,0.3812,1.137,0.185
68,2025-11-24,bull,0,0.7046,3.067,2.874
69,2025-06-17,bull,0,0.7618,2.749,3.136
70,2024-04-15,bull,0,0.1803,0.911,1.107
71,2024-05-11,bear,1,0.1779,3.317,-1.547
72,2024-05-04,bull,0,0.5029,0.174,2.464
73,2025-11-18,bull,1,0.6437,5.506,3.199
74,2025-12-09,bear,1,0.0575,-2.907,-2.809
75,2025-01-19,volatile,0,0.0792,1.814,-1.15
76,2025-09-20,bear,1,0.3947,-0.619,-1.034
77,2024-02-20,bull,1,0.3485,3.058,1.871
78,2025-06-02,bull,0,0.5342,4.29,3.233
79,2024-09-24,bull,1,0.6538,4.756,2.728
80,2026-01-11,bear,0,0.1146,1.256,-2.145
81,2025-03-30,bear,0,0.1098,-0.577,-1.948
82,2026-02-07,volatile,0,0.0832,0.726,-1.604
83,2025-06-02,bull,0,0.566,-0.922,2.616
84,2025-03-03,bull,1,0.5263,3.816,2.005
85,2026-05-01,bear,0,0.0528,1.833,-2.033
86,2026-06-12,bull,1,0.4989,3.27,2.854
87,2025-03-02,bear,0,0.1116,3.097,-1.575
88,2024-12-07,bear,0,0.0532,2.718,-3.295
89,2025-08-14,bull,1,0.6041,3.78,2.881
90,2024-06-29,bear,0,0.1529,1.437,-2.083
91,2025-01-01,volatile,0,0.2228,-0.368,-1.209
92,2026-02-02,volatile,1,0.2995,0.099,-0.137
93,2026-03-18,bear,0,0.124,-1.043,-2.024
94,2025-01-26,bear,0,0.0719,-0.246,-3.238
95,2025-01-04,bull,0,0.7438,0.618,3.492
96,2026-02-27,volatile,1,0.1476,-2.938,-1.025
97,2024-07-25,bear,0,0.0677,1.436,-1.448
98,2024-03-25,bull,1,0.352,4.402,2.324
99,2024-04-04,bull,0,0.6727,0.698,3.258
100,2024-05-08,bull,0,0.5135,-3.506,2.27
101,2026-03-04,volatile,0,0.0573,0.041,-1.249
102,2024-03-07,bull,0,0.4349,-1.575,2.373
103,2024-11-15,bear,0,0.1836,-0.191,-1.659
104,2025-07-06,volatile,0,0.2273,2.844,0.403
105,2025-07-12,bear,0,0.0994,-3.092,-1.776
106,2026-01-21,volatile,0,0.2762,-0.513,0.29
107,2026-05-30,bull,1,0.7196,4.824,2.914
108,2025-01-15,volatile,0,0.1862,-0.497,-1.581
109,2024-08-21,bull,0,0.5555,-0.598,2.037
110,2024-04-20,bull,0,0.5241,3.674,2.866
111,2026-03-14,volatile,0,0.1408,1.05,-0.65
112,2024-12-21,bull,1,0.7151,4.71,2.719
113,2026-03-20,bear,0,0.0738,1.356,-1.843
114,2024-11-29,bear,0,0.0835,0.66,-2.442
115,2025-11-16,bull,0,0.6794,2.466,2.682
116,2025-08-11,bull,1,0.5821,5.62,2.202
117,2025-10-11,volatile,1,0.3271,-1.056,0.785
118,2025-08-19,bull,1,0.4583,1.407,1.061
119,2024-10-24,volatile,1,0.1609,-0.706,-1.182
120,2024-05-01,bull,1,0.4121,1.967,2.074
121,2024-02-11,bull,1,0.6567,4.999,2.842
122,2025-01-30,bear,0,0.1018,0.969,-2.139
123,2026-03-14,volatile,1,0.3433,4.456,0.819
124,2025-08-10,bull,1,0.7215,5.18,2.88
125,2025-09-07,bull,1,0.4225,4.854,2.258
126,2024-09-12,bull,1,0.5531,1.483,2.668
127,2025-03-28,bear,0,0.0628,-0.661,-2.904
128,2025-01-19,volatile,0,0.3075,-0.421,-0.445
129,2024-05-29,bear,0,0.05,2.432,-2.926
130,2025-07-16,bear,0,0.05,-0.949,-2.733
131,2024-12-12,bear,0,0.1527,-0.779,-1.8
132,2025-01-15,volatile,1,0.4216,-0.305,0.671
133,2025-07-02,volatile,0,0.0985,4.49,-1.842
134,2024-02-28,bull,1,0.7384,3.424,2.913
135,2026-04-21,volatile,1,0.1934,0.52,-0.828
136,2024-08-12,volatile,0,0.074,-1.333,-1.127
137,2025-09-11,bear,0,0.05,1.789,-2.89
138,2025-12-04,bull,1,0.2794,-0.477,1.749
139,2024-06-14,bear,0,0.1689,-0.883,-2.469
140,2024-09-03,volatile,0,0.296,-0.528,-0.438
141,2025-01-23,bear,0,0.1085,0.983,-1.495
142,2026-01-09,bear,0,0.0759,-0.66,-2.322
143,2025-08-04,bull,0,0.3125,2.766,1.669
144,2025-03-11,bear,0,0.0559,1.305,-2.349
145,2026-02-05,volatile,0,0.1963,-0.465,-0.662
146,2025-03-17,bear,1,0.2221,-0.084,-2.194
147,2026-03-09,volatile,0,0.1059,-0.101,-0.57
148,2025-11-29,bull,1,0.803,3.099,3.305
149,2024-06-29,bear,0,0.0786,1.873,-2.445
150,2024-12-29,volatile,0,0.2902,-3.19,-0.904
151,2024-02-23,bull,0,0.4305,1.637,2.287
152,2024-08-26,volatile,1,0.3069,0.442,0.833
153,2024-02-21,bull,1,0.4464,2.17,2.672
154,2024-05-02,bull,1,0.4011,5.788,2.33
155,2024-02-05,volatile,0,0.4522,-0.136,0.081
156,2025-09-05,bull,0,0.8293,2.239,3.66
157,2025-01-21,volatile,0,0.317,1.013,0.035
158,2025-03-14,bear,0,0.1474,1.289,-1.054
159,2025-11-24,bull,1,0.7417,3.2,2.881
160,2026-01-02,bear,0,0.0626,0.076,-2.224
161,2025-05-08,bull,0,0.4499,2.882,2.781
162,2025-03-03,bull,1,0.4026,2.947,1.091
163,2025-08-17,bull,1,0.537,1.924,2.103
164,2025-01-25,bear,0,0.0852,-1.049,-2.281
165,2025-02-18,bear,1,0.1297,-3.159,-2.817
166,2024-10-17,volatile,0,0.1963,1.97,-1.48
167,2024-07-15,bear,0,0.1844,2.326,-2.261
168,2024-07-23,bear,0,0.1113,1.477,-1.523
169,2025-08-21,bull,0,0.6856,-1.845,2.601
170,2026-01-20,volatile,0,0.156,1.527,-1.135
171,2025-02-02,bear,0,0.0715,2.47,-2.425
172,2024-04-24,bull,0,0.2192,0.7,1.488
173,2025-07-13,bear,1,0.0743,1.337,-2.242
174,2026-03-23,bear,1,0.1339,-3.165,-1.815
175,2025-05-03,bull,1,0.7274,4.494,2.862
176,2024-02-25,bull,1,0.4538,1.222,2.246
177,2024-04-12,bull,0,0.5471,2.202,2.729
178,2025-04-28,bull,1,0.426,3.857,2.394
179,2026-02-16,volatile,0,0.0803,3.157,-0.807
180,2024-03-23,bull,1,0.7407,4.386,2.973
181,2025-11-14,bull,0,0.603,0.063,3.39
182,2025-12-07,bear,0,0.3457,-0.057,-1.648
183,2024-03-17,bull,1,0.5233,2.273,2.118
184,2024-08-02,bear,1,0.2801,-1.49,-1.424
185,2024-02-05,volatile,0,0.1658,2.537,-0.562
186,2025-06-05,bull,1,0.5151,5.154,2.586
187,2024-07-02,bear,0,0.0772,-1.714,-2.397
188,2026-04-04,bear,0,0.0722,0.628,-2.678
189,2024-04-20,bull,0,0.3406,0.459,1.328
190,2025-08-16,bull,0,0.4465,-0.612,2.694
191,2025-12-13,bear,0,0.1798,1.257,-1.667
192,2024-07-05,bear,0,0.1009,2.73,-1.996
193,2024-09-07,bull,1,0.7457,5.905,3.802
194,2025-12-22,bear,0,0.05,2.496,-2.48
195,2024-04-22,bull,0,0.5386,-0.543,2.354
196,2025-02-17,bear,0,0.0669,0.555,-2.336
197,2024-09-05,bull,1,0.5705,1.36,1.973
198,2024-02-13,bull,1,0.6089,4.124,3.07
199,2025-02-26,bear,0,0.3031,1.231,-1.079
200,2025-03-29,bear,0,0.1515,1.956,-2.521
201,2024-11-28,bear,0,0.0945,2.48,-2.89
202,2026-01-04,bear,0,0.0967,1.497,-3.061
203,2024-04-25,bull,0,0.7814,-0.575,3.349
204,2025-02-07,bear,1,0.3627,-2.405,-1.068
205,2024-07-07,bear,1,0.1298,-0.705,-2.057
206,2025-11-19,bull,1,0.4432,5.188,2.489
207,2025-05-28,volatile,0,0.119,0.414,-1.556
208,2025-10-04,volatile,0,0.2043,-1.7,-0.277
209,2024-05-04,bull,1,0.5174,6.989,3.217
210,2025-03-03,bull,0,0.3756,1.119,1.59
211,2024-03-16,bull,0,0.3984,0.817,2.517
212,2024-11-07,volatile,0,0.4791,-1.017,0.781
213,2026-04-29,volatile,0,0.2228,0.584,-0.603
214,2025-10-22,bull,1,0.8158,5.669,3.899
215,2024-04-09,bull,1,0.5605,4.684,3.275
216,2024-12-17,bull,0,0.2927,-0.542,1.584
217,2026-02-24,volatile,0,0.2117,0.458,-0.584
218,2024-06-28,bear,0,0.0837,-0.351,-2.554
219,2025-11-17,bull,0,0.3196,2.984,2.387
220,2024-11-05,volatile,0,0.2806,1.822,-1.003
221,2025-03-20,bear,0,0.1971,-0.054,-0.695
222,2026-03-01,volatile,1,0.0976,-2.414,-1.133
223,2025-09-05,bull,1,0.6339,3.72,2.603
224,2024-10-04,bull,1,0.6192,2.823,3.021
225,2024-02-09,bull,0,0.3519,-0.042,2.509
226,2024-08-23,bull,1,0.7433,1.47,2.53
227,2025-01-28,bear,0,0.0586,-0.992,-2.016
228,2024-05-27,bear,1,0.1609,-0.181,-1.059
229,2026-03-06,volatile,0,0.0651,-0.032,-1.791
230,2024-03-20,bull,1,0.8044,7.117,2.74
231,2025-05-14,bull,1,0.288,2.478,1.221
232,2026-05-26,volatile,0,0.1363,-1.183,-0.983
233,2024-11-17,bear,0,0.1565,-1.629,-1.697
234,2025-05-11,bull,1,0.6415,4.642,3.395
235,2024-04-05,bull,0,0.3562,-0.135,1.68
236,2025-10-25,bull,1,0.3988,4.027,1.559
237,2026-05-27,bull,0,0.4565,0.943,1.944
238,2025-12-01,bull,1,0.4445,0.575,2.942
239,2024-06-10,bear,0,0.05,-1.151,-3.823
240,2024-12-02,bear,0,0.152,-0.431,-1.924
241,2025-10-19,bear,0,0.1228,1.283,-1.081
242,2025-12-24,bear,0,0.1462,-1.022,-1.571
243,2025-01-15,volatile,1,0.3044,0.867,0.002
244,2026-05-13,volatile,0,0.2063,-1.415,0.015
245,2024-07-27,bear,0,0.1557,0.53,-1.938
246,2025-11-04,bull,0,0.1508,0.941,1.292
247,2025-04-06,volatile,0,0.1957,2.79,-0.133
248,2025-10-09,volatile,0,0.188,0.848,-0.533
249,2025-07-01,volatile,0,0.2973,-0.708,-1.239
250,2025-02-09,bear,1,0.3395,1.349,-1.527
251,2026-01-07,bear,0,0.2169,0.455,-1.052
252,2026-01-29,volatile,1,0.2241,1.23,-0.499
253,2026-01-08,bear,0,0.2179,-0.276,-1.666
254,2024-04-18,bull,1,0.485,2.275,1.7
255,2025-02-01,bear,0,0.1614,-0.597,-1.755
256,2025-11-11,bull,0,0.6382,1.066,2.806
257,2026-02-20,volatile,1,0.3989,2.31,0.393
258,2024-12-11,bear,0,0.1134,-0.213,-2.383
259,2025-11-03,bear,0,0.0874,-0.269,-2.402
260,2025-06-05,bull,0,0.672,1.23,2.988
261,2024-08-10,volatile,0,0.1671,-0.665,-0.482
262,2026-03-15,bear,0,0.05,-1.804,-2.872
263,2025-02-20,bear,0,0.2043,1.345,-0.366
264,2025-07-09,bear,0,0.0632,0.313,-2.531
265,2024-10-08,bear,0,0.1121,0.392,-1.687
266,2024-02-24,bull,0,0.5842,1.407,2.518
267,2025-02-27,bear,1,0.1777,-0.493,-2.099
268,2025-10-19,bear,0,0.1111,0.328,-1.779
269,2024-11-11,volatile,0,0.1819,-1.142,-0.581
270,2026-04-15,volatile,0,0.1405,-0.409,-0.711
271,2025-11-11,bull,1,0.5022,3.405,2.05
272,2025-08-10,bull,0,0.8032,1.004,3.988
273,2025-12-30,bear,0,0.0936,-0.259,-2.497
274,2026-02-16,volatile,0,0.2726,-0.547,0.275
275,2025-10-17,bear,0,0.0758,1.479,-2.333
276,2026-01-15,bear,0,0.0809,0.216,-1.7
277,2025-10-11,volatile,0,0.1261,1.664,-1.17
278,2026-02-16,volatile,0,0.092,1.734,-1.335
279,2024-05-01,bull,1,0.6333,2.458,2.354
280,2024-11-25,bear,0,0.1053,1.974,-2.833
281,2026-03-10,volatile,1,0.4984,1.28,0.387
282,2025-03-18,bear,0,0.0884,0.866,-3.297
283,2024-02-14,bull,0,0.6326,-2.753,2.052
284,2026-02-04,volatile,1,0.1787,-1.672,-0.709
285,2025-08-22,bull,1,0.7661,2.565,3.211
286,2026-03-30,volatile,0,0.1292,0.012,-1.281
287,2024-02-16,bull,1,0.7013,3.887,3.07
288,2024-06-08,bear,0,0.1456,0.912,-1.505
289,2025-04-18,bear,0,0.0603,1.004,-2.212
290,2024-07-08,bear,0,0.097,-0.577,-2.458
291,2025-04-27,bull,0,0.2599,1.492,1.34
292,2024-11-28,bear,1,0.1776,1.751,-1.628
293,2024-08-01,bear,0,0.05,-0.073,-2.49
294,2025-11-29,bull,0,0.7347,-0.366,2.37
295,2024-03-06,bull,1,0.7087,2.662,3.093
296,2026-02-27,volatile,0,0.2754,0.745,-0.325
297,2024-06-14,bear,0,0.2265,-0.158,-1.468
298,2025-06-17,bull,0,0.419,-2.1,2.192
299,2026-06-08,bull,1,0.6437,0.159,1.854
300,2024-05-09,bear,1,0.2212,0.455,-1.724
301,2026-04-13,volatile,1,0.125,1.532,-0.903
302,2024-10-21,volatile,0,0.0721,2.747,-1.636
303,2025-11-03,bear,0,0.1579,0.987,-1.906
304,2026-02-12,volatile,0,0.1183,-1.02,-1.491
305,2024-08-20,bull,1,0.4445,3.193,3.215
306,2024-11-28,bear,0,0.2665,-1.518,-1.38
307,2026-02-15,volatile,0,0.1516,-1.714,-0.394
308,2024-04-30,bull,1,0.4722,4.112,3.039
309,2024-05-05,bull,1,0.4799,3.956,2.543
310,2024-10-20,volatile,0,0.308,3.671,0.889
311,2025-07-07,volatile,0,0.0891,0.354,-1.156
312,2025-12-30,bear,0,0.05,-1.451,-2.107
313,2025-06-02,bull,1,0.5591,3.281,2.809
314,2025-04-03,volatile,0,0.1976,0.13,-0.771
315,2026-02-24,volatile,1,0.3122,-0.06,-0.011
316,2024-06-29,bear,0,0.1156,1.059,-2.42
317,2026-03-22,bear,1,0.4047,-1.298,-0.271
318,2024-10-29,volatile,1,0.5076,1.954,0.973
319,2024-09-27,bull,0,0.7051,1.597,2.576
320,2026-05-06,volatile,0,0.3756,2.751,0.124
321,2025-08-13,bull,1,0.6034,3.919,2.744
322,2025-02-09,bear,0,0.0805,2.031,-2.307
323,2024-11-13,bear,0,0.0894,-0.21,-2.391
324,2025-02-17,bear,0,0.1837,0.259,-0.579
325,2025-12-17,bear,0,0.1004,2.633,-1.547
326,2024-06-13,bear,0,0.1264,-1.507,-2.019
327,2024-07-01,bear,0,0.0741,-0.026,-1.613
328,2024-10-22,volatile,0,0.0504,2.044,-2.038
329,2025-03-25,volatile,0,0.1718,0.237,-0.739
330,2026-01-06,bear,0,0.1091,0.087,-2.469
331,2024-08-02,bear,0,0.2003,0.272,-1.049
332,2025-12-13,bear,0,0.2541,0.866,-1.657
333,2026-03-28,volatile,0,0.2301,2.259,-0.429
334,2025-02-12,bear,0,0.1022,2.014,-1.689
335,2026-05-13,volatile,0,0.1215,0.436,-1.185
336,2026-03-16,bear,0,0.1393,2.268,-1.851
337,2025-12-22,bear,0,0.137,1.168,-1.409
338,2024-12-26,volatile,0,0.1885,1.987,0.661
339,2024-10-19,volatile,1,0.4908,0.365,1.12
340,2026-02-18,volatile,0,0.1869,3.012,-1.414
341,2025-02-17,bear,0,0.0645,0.88,-2.267
342,2024-02-29,bull,0,0.5655,-3.607,2.571
343,2025-10-14,volatile,0,0.2176,3.091,-0.405
344,2024-11-28,bear,0,0.0668,0.587,-1.718
345,2026-04-21,volatile,0,0.1444,-0.05,-0.063
346,2026-02-10,volatile,0,0.2618,-0.224,0.381
347,2024-05-02,bull,0,0.3711,1.139,1.541
348,2026-03-22,bear,0,0.0863,-0.848,-3.002
349,2026-05-03,bear,0,0.1434,-0.375,-2.689
350,2025-11-17,bull,0,0.3871,-0.282,2.503
351,2024-09-27,bull,0,0.3279,0.026,1.883
352,2025-09-03,bull,0,0.4538,-0.188,3.132
353,2026-02-21,volatile,0,0.1484,1.839,-0.459
354,2026-01-07,bear,0,0.0777,0.916,-2.578
355,2025-02-08,bear,0,0.1833,1.254,-1.83
356,2025-10-06,bull,0,0.3655,1.498,2.824
357,2024-12-31,volatile,0,0.3207,0.546,0.128
358,2024-09-08,bull,0,0.4001,-0.96,1.928
359,2025-09-06,bull,0,0.5316,3.298,2.507
360,2025-03-11,bear,0,0.1465,1.926,-2.629
361,2024-08-14,volatile,0,0.2346,2.998,-0.628
362,2025-08-26,bull,1,0.6611,5.134,2.922
363,2024-11-06,volatile,0,0.1466,-0.158,-1.012
364,2025-06-24,bull,1,0.62,-0.231,2.654
365,2024-12-10,bear,1,0.0906,-4.045,-2.703
366,2026-03-08,volatile,0,0.3236,1.606,-0.265
367,2026-02-06,volatile,0,0.1644,0.364,-1.162
368,2025-03-17,bear,0,0.2025,0.043,-1.635
369,2025-10-08,volatile,0,0.1443,-3.159,-0.738
370,2024-07-04,bear,0,0.2014,0.72,-0.924
371,2026-06-13,bull,1,0.4845,0.723,1.87
372,2024-08-05,bear,0,0.0896,-0.65,-2.542
373,2026-02-20,volatile,0,0.1885,1.801,-0.294
374,2026-02-02,volatile,0,0.163,-1.114,-1.137
375,2024-07-05,bear,0,0.075,-0.962,-2.705
376,2024-02-09,bull,0,0.5758,0.928,3.082
377,2025-10-31,bull,0,0.4244,1.899,2.64
378,2026-02-22,volatile,1,0.2718,-0.859,-0.785
379,2025-10-13,volatile,0,0.2533,2.737,-0.749
380,2024-03-21,bull,1,0.6453,0.442,1.833
381,2025-08-13,bull,1,0.8647,2.315,3.742
382,2025-01-05,bull,0,0.3005,-1.794,2.041
383,2026-04-04,bear,0,0.05,-2.018,-2.345
384,2025-12-25,bear,0,0.0698,1.154,-1.245
385,2025-12-24,bear,0,0.1608,-0.9,-2.308
386,2025-01-19,volatile,0,0.5482,-1.331,1.104
387,2024-11-06,volatile,0,0.1603,1.088,-1.598
388,2026-01-13,bear,1,0.1062,1.0,-0.911
389,2024-05-11,bear,1,0.1946,0.535,-1.742
390,2024-04-28,bull,1,0.5082,4.201,2.349
391,2024-03-26,bull,0,0.496,-0.863,2.178
392,2025-04-19,bear,1,0.2014,-0.134,-1.213
393,2024-04-07,bull,1,0.6867,4.122,2.731
394,2025-06-19,bull,1,0.3417,0.754,1.016
395,2024-06-25,bear,0,0.1103,0.716,-2.788
396,2026-03-13,volatile,0,0.0961,-1.524,-1.916
397,2025-02-09,bear,0,0.1124,-0.295,-2.255
398,2024-04-22,bull,0,0.6266,1.123,2.364
399,2025-09-24,bull,0,0.615,2.836,2.087
400,2024-11-20,bear,0,0.0595,2.147,-2.825
401,2024-09-15,bull,0,0.4335,1.463,1.766
402,2025-08-25,bull,1,0.6562,3.448,2.788
403,2026-05-08,volatile,0,0.0909,0.4,-0.967
404,2026-05-29,bull,1,0.6924,1.118,2.689
405,2025-02-12,bear,0,0.1381,-0.606,-1.704
406,2026-02-04,volatile,0,0.5939,-0.396,0.363
407,2024-08-01,bear,0,0.1296,1.445,-2.061
408,2026-02-03,volatile,0,0.2403,2.103,0.386
409,2026-04-26,volatile,0,0.1251,1.592,-0.829
410,2025-04-24,bull,0,0.4316,2.199,1.422
411,2025-04-29,bull,1,0.4925,2.515,1.853
412,2025-06-04,bull,0,0.2708,-1.045,1.733
413,2024-04-05,bull,1,0.5264,3.141,2.626
414,2026-02-13,volatile,1,0.1677,-1.322,-0.727
415,2025-11-01,bear,0,0.0841,1.382,-3.252
416,2026-02-23,volatile,1,0.2296,0.267,0.045
417,2024-05-11,bear,0,0.2261,0.387,-2.17
418,2025-12-26,bear,0,0.0589,1.46,-2.993
419,2024-12-11,bear,0,0.2358,-0.437,-1.042
420,2026-01-10,bear,0,0.0761,1.95,-2.441
421,2026-06-10,bull,1,0.7005,1.825,3.146
422,2026-03-03,volatile,0,0.1566,0.963,-0.825
423,2026-04-03,bear,0,0.065,0.394,-2.509
424,2024-05-10,bear,0,0.1034,1.857,-1.984
425,2024-11-12,volatile,1,0.4289,-1.593,-0.169
426,2024-10-12,bear,0,0.1039,-1.631,-1.826
427,2025-04-21,bear,1,0.1237,-0.424,-2.129
428,2026-05-26,volatile,0,0.2476,0.038,0.412
429,2025-09-17,bear,0,0.132,0.525,-1.237
430,2025-05-18,volatile,0,0.4179,-0.395,-0.288
431,2025-12-29,bear,0,0.099,1.944,-1.624
432,2024-07-03,bear,0,0.05,0.878,-3.117
433,2025-08-26,bull,1,0.5966,4.618,3.607
434,2025-04-12,bear,0,0.0982,-1.16,-2.108
435,2024-07-26,bear,0,0.1025,1.299,-1.639
436,2025-08-13,bull,1,0.7671,3.111,3.88
437,2026-01-29,volatile,0,0.1332,-0.559,-1.896
438,2026-01-18,volatile,1,0.3762,-0.378,0.93
439,2026-01-31,volatile,0,0.1659,0.352,-0.585
440,2026-01-04,bear,0,0.1891,2.205,-1.99
441,2025-03-13,bear,0,0.0994,0.886,-2.083
442,2024-03-15,bull,0,0.288,-0.238,1.208
443,2026-05-17,volatile,0,0.336,0.727,-0.439
444,2025-02-28,bear,0,0.1574,0.777,-2.072
445,2025-08-02,bull,0,0.7421,0.756,2.973
446,2024-02-19,bull,1,0.6336,3.612,2.781
447,2026-03-11,volatile,0,0.1142,-1.206,-1.704
448,2026-03-11,volatile,0,0.1249,0.578,-1.538
449,2026-04-14,volatile,0,0.4967,-1.85,0.892
450,2024-07-01,bear,0,0.0671,1.332,-3.082
451,2026-01-31,volatile,0,0.3659,-0.923,0.118
452,2025-07-26,bear,0,0.05,2.261,-2.699
453,2024-06-07,bear,0,0.1428,-3.098,-1.884
454,2025-06-09,bull,1,0.6748,6.178,3.012
455,2025-03-20,bear,0,0.1345,-1.956,-2.319
456,2025-07-27,bull,1,0.7254,2.402,3.452
457,2024-04-14,bull,1,0.625,3.372,2.324
458,2025-06-03,bull,1,0.5087,4.776,3.216
459,2025-09-10,bear,0,0.0672,0.135,-2.359
460,2025-10-12,volatile,1,0.1329,1.996,0.016
461,2025-11-28,bull,1,0.7486,2.982,3.426
462,2025-07-27,bull,0,0.4708,-0.025,2.579
463,2025-09-30,bull,1,0.688,3.68,3.368
464,2024-04-20,bull,0,0.5192,-0.278,2.456
465,2025-12-23,bear,0,0.1615,-2.242,-1.137
466,2024-12-15,bear,1,0.0855,-0.808,-1.403
467,2025-05-20,volatile,0,0.3013,0.304,-1.083
468,2025-05-19,volatile,0,0.2358,2.215,-0.511
469,2026-05-26,volatile,0,0.1451,-1.359,0.347
470,2024-11-09,volatile,0,0.1218,-0.464,-1.307
471,2024-12-30,volatile,0,0.2458,2.425,-0.026
472,2025-11-20,bull,0,0.551,1.045,2.69
473,2025-08-03,bull,0,0.6965,1.409,2.451
474,2024-11-02,volatile,0,0.2038,1.247,-0.474
475,2024-11-25,bear,0,0.2246,1.267,-2.213
476,2026-01-18,volatile,0,0.1516,3.271,-0.582
477,2026-01-25,volatile,0,0.2546,0.728,-0.315
478,2024-06-07,bear,0,0.122,-0.992,-1.587
479,2025-01-12,volatile,1,0.6415,2.938,1.171
480,2025-11-28,bull,1,0.4909,1.415,1.815
481,2024-05-14,bear,0,0.0882,0.365,-2.187
482,2024-07-09,bear,0,0.0941,1.084,-1.748
483,2024-06-18,bear,0,0.162,-0.437,-1.061
484,2025-05-03,bull,0,0.385,-0.316,1.665
485,2025-02-26,bear,0,0.1992,1.346,-2.302
486,2024-11-05,volatile,0,0.3066,-0.223,-0.182
487,2024-05-29,bear,1,0.1424,0.542,-1.536
488,2025-08-06,bull,1,0.8413,2.187,2.951
489,2025-12-31,bear,1,0.2011,-1.638,-0.849
490,2024-08-04,bear,0,0.0731,3.401,-2.486
491,2025-08-31,bull,1,0.5416,0.832,2.517
492,2025-12-21,bear,0,0.05,0.36,-3.074
493,2025-05-28,volatile,0,0.2759,3.369,0.038
494,2025-06-12,bull,1,0.4694,2.23,1.763
495,2024-06-25,bear,0,0.1491,2.584,-2.033
496,2026-05-10,volatile,0,0.0852,1.386,-1.288
497,2026-05-09,volatile,0,0.2501,0.601,-0.089
498,2025-10-09,volatile,0,0.05,0.209,-1.338
499,2026-03-23,bear,0,0.153,-2.583,-1.682
500,2025-07-11,bear,0,0.0647,-0.014,-2.916
501,2025-08-26,bull,0,0.3053,0.853,2.496
502,2026-01-19,volatile,0,0.333,1.044,0.157
503,2024-03-05,bull,0,0.588,4.346,2.787
504,2024-08-10,volatile,0,0.5037,1.119,0.594
505,2024-07-26,bear,0,0.164,1.687,-1.259
506,2025-08-02,bull,1,0.4941,4.405,2.146
507,2024-08-29,volatile,0,0.2964,1.541,0.183
508,2025-01-04,bull,0,0.3091,0.316,2.386
509,2025-04-04,volatile,0,0.3104,0.535,0.643
510,2025-11-06,bull,0,0.4471,0.014,2.167
511,2025-04-24,bull,1,0.4184,3.247,2.086
512,2024-02-23,bull,0,0.6489,0.395,2.862
513,2025-09-17,bear,0,0.1672,1.619,-1.535
514,2025-02-05,bear,1,0.2318,-2.27,-1.424
515,2024-05-10,bear,0,0.1114,0.821,-1.892
516,2025-08-18,bull,0,0.5513,2.932,2.134
517,2024-09-22,bull,1,0.6585,3.217,2.909
518,2025-03-06,bull,0,0.6027,3.373,2.667
519,2026-05-18,volatile,0,0.3436,0.868,-0.076
520,2024-08-25,volatile,1,0.2569,0.105,-0.403
521,2026-03-08,volatile,1,0.344,0.738,-0.098
522,2025-03-09,bear,0,0.0505,-0.049,-2.728
523,2026-04-18,volatile,0,0.1377,-2.415,-0.43
524,2026-02-06,volatile,0,0.0731,1.756,-0.921
525,2026-01-21,volatile,0,0.1479,3.896,-0.172
526,2024-07-29,bear,0,0.4112,1.476,-1.069
527,2025-12-17,bear,0,0.05,1.353,-2.085
528,2024-12-15,bear,1,0.193,-2.182,-2.504
529,2026-03-30,volatile,0,0.2318,2.387,0.581
530,2026-06-07,bull,0,0.4031,0.326,1.352
531,2025-07-15,bear,0,0.05,0.933,-1.645
532,2026-04-01,bear,0,0.1392,-1.726,-2.051
533,2025-05-08,bull,0,0.3438,-0.434,0.815
534,2024-03-02,bull,1,0.4873,3.047,2.01
535,2026-02-26,volatile,0,0.3296,2.04,0.269
536,2025-05-05,bull,1,0.5192,5.294,3.201
537,2024-03-11,bull,1,0.4477,1.022,2.766
538,2024-03-29,bull,0,0.7871,-1.543,2.852
539,2025-10-19,bear,0,0.1297,1.486,-2.326
540,2026-04-11,volatile,0,0.2547,-0.486,-0.085
541,2025-09-27,bull,1,0.5482,3.837,1.935
542,2025-02-17,bear,0,0.0757,-1.845,-2.353
543,2024-10-24,volatile,0,0.1735,0.367,-1.004
544,2025-01-28,bear,0,0.1862,0.658,-1.121
545,2024-11-07,volatile,1,0.373,2.442,0.996
546,2024-09-25,bull,1,0.7121,2.817,3.634
547,2024-05-23,bear,0,0.0588,-2.408,-1.81
548,2025-06-08,bull,1,0.3851,2.878,2.126
549,2024-08-08,volatile,1,0.3819,1.879,0.39
550,2024-06-06,bear,0,0.1593,2.155,-0.918
551,2024-09-27,bull,1,0.5794,2.4,2.313
552,2025-12-24,bear,0,0.1272,1.685,-2.514
553,2025-06-11,bull,1,0.6082,4.029,2.669
554,2025-04-01,volatile,0,0.1403,2.456,-0.892
555,2025-06-28,volatile,0,0.2592,0.551,-0.404
556,2025-06-05,bull,1,0.7795,1.704,3.569
557,2025-04-07,volatile,0,0.4441,0.638,0.664
558,2026-01-29,volatile,1,0.2485,0.941,0.164
559,2025-10-25,bull,0,0.2268,1.224,1.899
560,2024-07-11,bear,0,0.2145,-1.693,-1.419
561,2026-01-08,bear,0,0.253,0.336,-0.725
562,2024-07-02,bear,0,0.0875,1.798,-2.351
563,2024-04-09,bull,1,0.7599,2.678,2.249
564,2025-01-30,bear,0,0.3029,0.27,-1.449
565,2025-01-06,bull,1,0.7767,6.892,3.389
566,2025-12-13,bear,1,0.2772,-1.684,-0.894
567,2025-09-25,bull,1,0.5512,4.605,2.242
568,2024-03-23,bull,1,0.4216,4.08,2.059
569,2025-04-08,volatile,0,0.3783,0.361,0.572
570,2025-12-20,bear,1,0.1443,-2.808,-3.217
571,2025-10-28,bull,1,0.4841,3.163,2.647
572,2025-04-10,bear,0,0.1203,0.852,-2.047
573,2025-07-18,bear,0,0.152,-0.2,-1.55
574,2025-06-01,bull,1,0.7252,2.793,2.785
575,2024-08-20,bull,1,0.5651,3.183,3.081
576,2025-06-04,bull,1,0.5622,2.544,2.479
577,2025-09-07,bull,0,0.5577,0.243,3.182
578,2024-03-21,bull,1,0.8565,0.959,3.508
579,2025-09-25,bull,1,0.5684,3.403,2.599
580,2024-09-05,bull,0,0.6459,-0.191,2.786
581,2024-02-08,bull,0,0.3679,-2.34,1.337
582,2025-11-16,bull,0,0.4219,-0.0,2.075
583,2025-01-04,bull,0,0.4617,-0.001,3.184
584,2025-01-23,bear,0,0.07,2.448,-2.192
585,2025-07-26,bear,1,0.1466,-1.996,-1.777
586,2025-05-31,bull,1,0.7084,5.03,3.262
587,2025-07-22,bear,1,0.2028,1.17,-1.618
588,2026-04-29,volatile,0,0.207,-0.377,-0.351
589,2025-08-18,bull,0,0.5437,0.397,1.695
590,2024-03-13,bull,1,0.6868,6.98,3.662
591,2024-08-12,volatile,0,0.1997,0.906,-0.487
592,2025-02-24,bear,0,0.0533,0.972,-1.983
593,2025-03-16,bear,0,0.0708,0.045,-1.722
594,2024-12-10,bear,0,0.1474,1.718,-1.253
595,2024-07-10,bear,0,0.05,0.298,-3.588
596,2024-05-04,bull,1,0.3884,0.121,2.36
597,2024-06-06,bear,0,0.0603,0.046,-1.898
598,2026-05-04,bear,0,0.2511,-1.11,-1.808
599,2025-01-09,volatile,0,0.1811,0.687,-0.865
600,2026-05-13,volatile,0,0.1484,-0.891,-0.568
601,2024-11-17,bear,0,0.1188,1.382,-1.144
602,2024-10-28,volatile,0,0.1695,0.596,-1.164
603,2025-03-31,volatile,1,0.31,-1.518,-0.28
604,2026-04-30,volatile,0,0.1076,-0.275,-0.584
605,2025-06-03,bull,0,0.3998,1.382,1.67
606,2024-03-03,bull,0,0.5875,2.387,3.035
607,2024-09-23,bull,1,0.6192,2.249,2.988
608,2026-05-30,bull,1,0.7724,1.704,2.67
609,2024-06-14,bear,0,0.1422,3.457,-2.582
610,2026-01-25,volatile,0,0.2286,0.481,-1.047
611,2026-04-15,volatile,1,0.4394,1.547,0.701
612,2024-08-05,bear,0,0.0576,-0.672,-2.564
613,2025-05-30,bull,1,0.6756,4.534,3.496
614,2025-07-04,volatile,0,0.2102,3.284,0.268
615,2025-12-19,bear,0,0.1018,1.056,-1.121
616,2025-12-23,bear,1,0.0788,-0.324,-2.436
617,2024-03-24,bull,0,0.4493,0.553,2.223
618,2024-11-04,volatile,0,0.3347,-0.99,-0.316
619,2026-04-25,volatile,0,0.1762,-0.577,-0.741
620,2024-12-03,bear,0,0.0617,-1.185,-2.557
621,2024-09-01,volatile,0,0.3401,0.966,-0.189
622,2025-07-30,bull,0,0.5686,2.491,3.309
623,2024-07-19,bear,0,0.1019,0.726,-2.188
624,2024-06-08,bear,1,0.2117,-1.52,-1.713
625,2025-12-23,bear,1,0.2076,-2.586,-2.032
626,2024-05-14,bear,0,0.194,1.273,-0.704
627,2026-03-13,volatile,1,0.4005,-1.857,-0.633
628,2024-09-05,bull,1,0.5304,1.646,2.652
629,2024-05-04,bull,1,0.7532,4.74,2.75
630,2025-11-04,bull,1,0.6733,3.395,3.131
631,2024-07-03,bear,0,0.0602,-0.002,-3.098
632,2024-12-15,bear,0,0.0666,0.318,-1.993
633,2024-12-01,bear,0,0.1048,1.671,-1.95
634,2025-04-15,bear,0,0.1615,0.811,-2.294
635,2025-03-17,bear,0,0.1283,-0.482,-1.12
636,2024-07-20,bear,0,0.2063,-0.411,-1.481
637,2024-08-22,bull,1,0.6182,3.416,3.079
638,2024-07-18,bear,0,0.1698,1.013,-2.557
639,2024-03-21,bull,1,0.4682,2.069,1.611
640,2025-08-17,bull,1,0.6117,3.811,3.298
641,2025-03-15,bear,0,0.14,0.694,-1.234
642,2024-05-05,bull,1,0.5596,2.033,1.597
643,2024-11-14,bear,0,0.1296,-0.602,-2.077
644,2025-09-01,bull,0,0.2891,2.076,1.079
645,2024-10-05,bull,1,0.7641,2.186,2.314
646,2025-01-13,volatile,0,0.3063,0.751,-0.562
647,2025-11-06,bull,0,0.5488,-2.556,2.022
648,2025-09-04,bull,0,0.7735,0.427,3.068
649,2025-09-30,bull,1,0.4559,0.237,1.412
650,2024-12-28,volatile,1,0.3806,-1.459,-0.646
651,2025-03-26,volatile,0,0.2556,4.421,0.963
652,2026-02-02,volatile,0,0.3617,1.054,0.339
653,2026-02-25,volatile,0,0.2052,2.399,-0.352
654,2024-03-21,bull,0,0.365,1.755,1.537
655,2026-01-26,volatile,0,0.0993,1.92,-1.008
656,2026-03-15,bear,0,0.0605,0.245,-2.028
657,2026-04-27,volatile,0,0.0704,2.919,-0.918
658,2024-09-21,bull,0,0.5916,1.789,2.033
659,2025-04-10,bear,0,0.1058,0.611,-2.405
660,2024-03-09,bull,0,0.3119,0.972,2.498
661,2024-05-06,bull,1,0.5346,3.72,3.285
662,2025-06-02,bull,1,0.4816,2.635,2.091
663,2024-07-29,bear,0,0.0765,0.455,-2.497
664,2024-08-14,volatile,1,0.2819,0.708,-0.428
665,2024-10-15,bear,0,0.1506,3.177,-2.45
666,2025-03-05,bull,1,0.6503,2.796,3.829
667,2024-06-13,bear,0,0.1343,2.314,-2.099
668,2025-12-27,bear,0,0.05,-0.124,-2.753
669,2025-09-01,bull,0,0.446,2.534,3.631
670,2025-12-17,bear,0,0.0995,0.141,-1.841
671,2026-04-13,volatile,0,0.1496,1.181,0.287
672,2025-07-05,volatile,1,0.1002,-0.852,-1.073
673,2024-12-10,bear,0,0.2875,-1.839,-1.175
674,2026-05-27,bull,1,0.5094,4.725,1.631
675,2025-06-05,bull,0,0.7,-0.759,3.599
676,2025-03-09,bear,0,0.1748,0.729,-1.732
677,2025-01-26,bear,1,0.1458,-2.742,-1.81
678,2024-03-07,bull,1,0.8047,2.209,3.459
679,2026-05-08,volatile,0,0.2382,0.326,-0.041
680,2026-01-10,bear,0,0.0724,-0.366,-2.333
681,2025-09-29,bull,1,0.8273,2.21,3.264
682,2024-08-11,volatile,0,0.0745,0.466,-0.358
683,2026-04-14,volatile,0,0.1319,-1.63,-0.748
684,2024-07-03,bear,0,0.0619,0.632,-2.587
685,2024-08-28,volatile,0,0.1303,0.27,-1.152
686,2024-04-02,bull,0,0.4156,-3.126,2.38
687,2024-10-08,bear,0,0.0962,-0.16,-1.468
688,2024-11-11,volatile,0,0.0703,1.094,-1.958
689,2025-12-20,bear,0,0.2196,-0.966,-2.41
690,2024-11-10,volatile,0,0.2341,1.26,-0.913
691,2026-05-08,volatile,1,0.5356,1.595,0.239
692,2024-10-20,volatile,0,0.1131,-0.988,-1.116
693,2025-04-30,bull,0,0.2585,0.462,1.327
694,2025-06-29,volatile,1,0.1416,1.96,0.139
695,2026-01-19,volatile,0,0.2259,-0.823,-0.901
696,2025-11-13,bull,1,0.7451,3.662,3.256
697,2026-02-21,volatile,0,0.2132,2.3,0.159
698,2026-04-23,volatile,0,0.2228,-0.727,-0.283
699,2024-05-13,bear,0,0.1488,1.338,-1.109
700,2024-04-23,bull,1,0.3337,0.411,1.546
701,2025-02-24,bear,0,0.069,0.215,-3.145
702,2024-06-11,bear,1,0.1377,-0.275,-1.575
703,2025-04-03,volatile,1,0.0849,-4.178,-1.036
704,2025-06-26,bull,1,0.471,1.893,2.215
705,2024-09-28,bull,0,0.6499,1.308,2.521
706,2024-04-26,bull,1,0.6785,4.025,3.041
707,2026-05-16,volatile,1,0.122,-1.283,-0.953
708,2024-12-18,bull,0,0.547,-1.129,2.421
709,2026-01-27,volatile,0,0.1647,1.434,-1.162
710,2025-07-26,bear,0,0.2303,0.286,-0.764
711,2025-08-27,bull,1,0.7152,4.305,2.807
712,2025-12-08,bear,0,0.1155,1.113,-2.328
713,2024-09-18,bull,0,0.6864,-0.021,2.547
714,2024-08-08,volatile,0,0.1657,2.043,-1.538
715,2026-06-13,bull,1,0.3826,1.671,2.038
716,2025-09-01,bull,1,0.6078,4.798,2.413
717,2024-10-11,bear,0,0.0702,2.617,-1.958
718,2025-08-13,bull,1,0.56,4.205,2.05
719,2025-01-07,bull,1,0.5777,3.582,3.238
720,2026-02-14,volatile,0,0.3305,4.404,-0.59
721,2025-04-16,bear,0,0.1095,0.8,-1.991
722,2024-10-30,volatile,0,0.2178,0.907,-1.208
723,2025-09-21,bull,1,0.3189,3.149,2.637
724,2025-11-11,bull,1,0.5221,1.618,2.7
725,2024-12-20,bull,0,0.5044,2.573,2.607
726,2025-11-13,bull,1,0.7742,2.241,2.489
727,2024-08-22,bull,0,0.3339,1.849,2.041
728,2024-08-26,volatile,1,0.1409,0.228,-1.986
729,2026-01-16,volatile,1,0.2716,1.02,-0.507
730,2025-07-23,bear,0,0.1559,-0.303,-1.166
731,2024-03-03,bull,1,0.4926,2.644,2.551
732,2025-09-08,bull,0,0.5232,-3.467,3.012
733,2024-10-23,volatile,1,0.2477,-0.06,-0.481
734,2024-09-26,bull,0,0.1895,1.679,2.107
735,2025-02-02,bear,0,0.1925,0.363,-0.677
736,2025-02-26,bear,0,0.2112,-0.278,-1.679
737,2026-03-14,volatile,0,0.1832,0.056,-1.092
738,2025-02-12,bear,0,0.1855,2.395,-2.475
739,2024-10-15,bear,0,0.0647,0.451,-2.106
740,2025-12-02,bull,1,0.8084,7.28,3.774
741,2025-05-16,volatile,1,0.1907,-0.757,-0.456
742,2024-02-02,volatile,0,0.347,0.917,-0.04
743,2025-08-01,bull,1,0.6174,3.602,3.608
744,2025-04-10,bear,0,0.05,3.621,-2.199
745,2025-06-13,bull,0,0.6747,0.875,2.29
746,2024-07-10,bear,0,0.1144,3.799,-1.835
747,2025-03-21,bear,0,0.053,-0.195,-2.519
748,2025-08-14,bull,1,0.4131,5.482,2.575
749,2025-09-09,bear,0,0.2223,0.762,-1.578
750,2025-09-12,bear,0,0.1109,1.856,-1.93
751,2026-06-13,bull,1,0.7269,1.396,2.63
752,2025-04-10,bear,0,0.1235,1.132,-1.955
753,2025-02-07,bear,0,0.1678,-0.887,-1.142
754,2025-05-15,volatile,0,0.1999,0.845,-1.156
755,2024-11-12,volatile,0,0.1677,-1.735,-1.193
756,2024-10-31,volatile,0,0.276,0.496,-0.242
757,2025-09-21,bull,0,0.5048,2.283,2.43
758,2024-10-30,volatile,0,0.2306,1.442,-0.352
759,2025-11-10,bull,1,0.8247,2.575,3.611
760,2025-11-07,bull,0,0.4896,-2.198,3.164
761,2026-05-06,volatile,1,0.3174,1.924,0.497
762,2024-05-25,bear,0,0.0939,2.932,-2.012
763,2024-12-12,bear,0,0.072,-0.963,-2.98
764,2025-11-30,bull,0,0.6481,3.702,2.291
765,2025-02-07,bear,0,0.164,0.641,-1.984
766,2025-08-21,bull,1,0.5257,0.388,2.696
767,2025-10-30,bull,1,0.8332,1.223,2.934
768,2026-03-08,volatile,1,0.1579,1.389,-0.322
769,2024-08-15,bull,0,0.4752,0.749,2.432
770,2024-09-14,bull,0,0.5127,2.793,2.758
771,2025-03-15,bear,0,0.1595,-1.137,-1.502
772,2025-04-14,bear,1,0.1925,-0.707,-1.56
773,2026-03-25,volatile,0,0.184,0.483,-0.838
774,2024-03-06,bull,0,0.6927,0.448,3.222
775,2024-09-01,volatile,0,0.2449,-0.065,-1.047
776,2026-04-01,bear,0,0.2309,0.087,-1.616
777,2025-07-17,bear,0,0.1133,0.826,-2.208
778,2025-09-08,bull,0,0.7704,1.198,2.827
779,2024-09-04,bull,1,0.605,3.321,2.392
780,2025-07-24,bear,0,0.0879,2.413,-2.268
781,2024-12-17,bull,1,0.8321,1.804,2.958
782,2025-10-27,bull,0,0.382,-2.213,1.529
783,2024-04-20,bull,0,0.461,2.11,2.254
784,2024-10-04,bull,0,0.3767,-0.855,2.22
785,2025-08-12,bull,0,0.3741,-0.029,2.561
786,2025-07-08,volatile,0,0.2487,-0.388,-0.93
787,2026-01-28,volatile,1,0.6149,-0.424,-0.162
788,2025-12-25,bear,0,0.0671,-1.679,-2.251
789,2024-02-14,bull,0,0.6454,-0.209,2.765
790,2024-04-20,bull,1,0.626,4.511,2.917
791,2024-12-04,bear,0,0.095,0.443,-3.144
792,2026-05-11,volatile,0,0.4936,1.385,-0.137
793,2025-03-20,bear,0,0.1001,-0.302,-2.099
794,2026-03-14,volatile,0,0.2671,1.987,-0.182
795,2024-03-24,bull,0,0.5229,-0.223,2.256
796,2026-05-15,volatile,1,0.261,-3.589,-0.998
797,2024-03-25,bull,0,0.3548,0.93,1.464
798,2026-01-01,bear,0,0.0834,1.748,-1.802
799,2026-03-01,volatile,0,0.2426,-0.172,-0.029
800,2024-10-13,bear,0,0.141,2.309,-2.296
801,2024-10-19,volatile,0,0.2647,-0.759,-0.733
802,2025-06-19,bull,0,0.6018,1.641,2.375
803,2025-10-18,bear,0,0.1562,3.246,-1.395
804,2024-05-15,bear,0,0.0514,0.411,-3.723
805,2024-08-24,bull,1,0.6607,3.919,3.471
806,2025-11-15,bull,1,0.5971,3.385,2.899
807,2025-12-31,bear,0,0.3475,3.088,-1.11
808,2024-06-13,bear,0,0.1173,1.165,-2.391
809,2026-03-12,volatile,0,0.0613,3.599,-1.566
810,2026-02-20,volatile,0,0.2477,1.07,-0.063
811,2026-02-21,volatile,0,0.245,-0.461,-0.633
812,2024-08-28,volatile,0,0.1031,-0.254,0.185
813,2025-09-02,bull,1,0.5283,2.92,2.259
814,2024-06-19,bear,1,0.1288,-3.998,-1.546
815,2024-07-20,bear,0,0.05,-0.203,-2.051
816,2024-04-03,bull,0,0.6597,-0.005,3.545
817,2025-04-03,volatile,0,0.1199,0.814,-1.069
818,2025-10-09,volatile,0,0.4746,3.713,0.897
819,2024-07-22,bear,0,0.2831,0.892,-0.792
820,2024-07-12,bear,0,0.1798,-2.136,-1.448
821,2024-09-28,bull,1,0.5895,2.535,3.197
822,2024-07-21,bear,0,0.0977,0.971,-2.026
823,2026-01-22,volatile,1,0.4277,0.985,0.157
824,2024-06-27,bear,1,0.1233,1.12,-1.881
825,2024-09-29,bull,0,0.3704,1.87,1.134
826,2024-10-23,volatile,1,0.2942,2.466,0.345
827,2024-07-26,bear,1,0.185,-0.336,-0.712
828,2026-04-26,volatile,1,0.2862,1.984,-0.231
829,2024-08-01,bear,0,0.079,-0.887,-2.565
830,2025-03-28,bear,0,0.0768,1.976,-2.243
831,2025-06-05,bull,0,0.1201,-0.014,1.31
832,2024-09-14,bull,1,0.6128,1.057,2.544
833,2025-03-15,bear,0,0.05,1.32,-2.823
834,2024-06-28,bear,0,0.1024,2.714,-2.555
835,2025-03-25,volatile,0,0.1448,-0.121,-1.108
836,2024-02-18,bull,0,0.4196,2.781,1.629
837,2025-02-15,bear,1,0.141,-3.858,-1.984
838,2024-12-13,bear,0,0.147,-1.244,-1.559
839,2024-12-01,bear,1,0.1163,-0.491,-0.943
840,2024-05-07,bull,0,0.3514,-0.091,2.06
841,2026-06-14,bull,0,0.2562,-0.486,1.772
842,2024-02-25,bull,0,0.2157,0.562,1.726
843,2024-06-07,bear,0,0.05,-0.423,-3.134
844,2024-05-01,bull,1,0.8317,3.527,3.297
845,2026-05-27,bull,1,0.848,4.987,3.77
846,2024-11-03,volatile,1,0.3256,-0.567,-0.152
847,2025-02-08,bear,0,0.0787,0.341,-2.66
848,2025-11-12,bull,0,0.3985,-0.408,2.362
849,2024-03-16,bull,0,0.5806,-1.133,3.105
850,2024-03-30,bull,1,0.52,3.555,1.87
851,2024-07-08,bear,0,0.249,3.177,-1.931
852,2025-09-11,bear,0,0.1358,2.172,-2.308
853,2026-05-28,bull,0,0.4691,1.032,2.431
854,2025-07-22,bear,0,0.0938,-0.428,-2.602
855,2026-02-25,volatile,0,0.2442,0.165,-0.232
856,2026-03-05,volatile,0,0.2441,2.06,-1.517
857,2024-09-28,bull,1,0.7236,-0.368,2.43
858,2024-07-10,bear,0,0.112,-0.008,-2.625
859,2024-06-19,bear,0,0.1564,1.701,-1.997
860,2025-12-20,bear,0,0.2392,-0.988,-1.106
861,2025-09-03,bull,0,0.5957,1.21,2.519
862,2026-02-19,volatile,0,0.2985,1.24,-0.492
863,2025-04-15,bear,0,0.05,-1.773,-3.131
864,2026-05-26,volatile,0,0.2672,0.655,-0.995
865,2026-03-16,bear,0,0.1334,-0.352,-1.81
866,2026-01-01,bear,0,0.3723,1.401,-0.94
867,2025-12-27,bear,0,0.0894,1.398,-3.194
868,2024-05-19,bear,0,0.1361,1.175,-2.283
869,2025-11-07,bull,1,0.7668,4.731,3.887
870,2026-05-01,bear,0,0.209,0.934,-2.865
871,2024-10-11,bear,0,0.1326,-1.194,-2.24
872,2026-01-06,bear,0,0.0964,0.579,-1.758
873,2024-11-30,bear,0,0.1193,-0.586,-1.955
874,2024-08-03,bear,0,0.3979,2.292,-1.299
875,2025-10-25,bull,1,0.4853,3.883,2.226
876,2024-06-23,bear,0,0.1691,1.735,-1.397
877,2025-03-24,volatile,0,0.2599,3.117,-0.998
878,2026-04-21,volatile,0,0.1273,-0.002,-0.446
879,2024-06-16,bear,0,0.1197,-0.264,-1.471
880,2024-06-15,bear,0,0.106,-0.059,-2.705
881,2026-04-27,volatile,0,0.1963,-1.774,-0.621
882,2025-12-05,bull,1,0.3386,0.744,2.481
883,2025-03-07,bear,0,0.05,1.448,-2.684
884,2025-01-17,volatile,0,0.295,-1.466,-0.365
885,2026-05-15,volatile,1,0.1581,-2.534,-1.379
886,2025-10-20,bull,0,0.573,0.512,2.8
887,2026-03-28,volatile,1,0.1078,-1.005,-0.906
888,2024-04-21,bull,1,0.6908,4.829,2.796
889,2025-05-05,bull,0,0.5567,0.641,2.049
890,2025-10-21,bull,1,0.5569,2.653,3.196
891,2024-03-03,bull,1,0.559,4.677,2.61
892,2025-04-19,bear,1,0.1118,0.246,-1.512
893,2024-03-21,bull,1,0.5454,0.37,1.89
894,2026-03-21,bear,0,0.0538,0.79,-2.706
895,2025-09-13,bear,0,0.3491,-0.383,-1.606
896,2024-07-13,bear,0,0.1294,-0.532,-1.723
897,2025-04-28,bull,1,0.6275,6.499,3.026
898,2024-05-06,bull,1,0.7062,3.598,2.751
899,2025-12-28,bear,0,0.113,0.178,-2.953
900,2024-07-20,bear,0,0.0625,0.622,-1.888
901,2025-07-11,bear,0,0.3227,1.966,-1.369
902,2024-04-09,bull,0,0.5166,-0.493,2.579
903,2024-06-17,bear,0,0.2089,-0.125,-0.884
904,2026-05-29,bull,0,0.5795,1.555,2.447
905,2024-12-31,volatile,1,0.3772,-1.088,0.506
906,2024-05-18,bear,1,0.2745,0.21,-1.904
907,2025-09-29,bull,1,0.532,1.113,2.901
908,2024-07-24,bear,0,0.1533,0.186,-2.399
909,2025-06-25,bull,0,0.6224,-1.783,2.499
910,2026-01-02,bear,1,0.3148,-2.125,-1.251
911,2025-09-15,bear,0,0.1227,2.527,-2.41
912,2024-09-02,volatile,0,0.2403,2.2,-0.071
913,2024-08-24,bull,0,0.635,2.32,2.436
914,2024-08-12,volatile,0,0.2564,-1.596,-1.036
915,2025-08-01,bull,1,0.7199,2.566,3.383
916,2025-09-05,bull,0,0.8142,1.22,3.116
917,2025-04-27,bull,1,0.6304,4.489,2.816
918,2025-01-11,volatile,0,0.2317,-0.607,-0.294
919,2024-03-26,bull,0,0.3941,-0.35,2.514
920,2026-01-24,volatile,0,0.2141,-1.139,-0.434
921,2025-08-26,bull,1,0.6609,5.621,2.514
922,2025-08-07,bull,0,0.5502,-0.04,2.992
923,2024-05-01,bull,1,0.6998,3.555,2.846
924,2024-10-08,bear,0,0.0885,0.605,-2.514
925,2024-10-21,volatile,0,0.1674,2.331,0.118
926,2025-07-03,volatile,1,0.2353,-1.606,-0.749
927,2025-12-14,bear,0,0.0934,2.233,-2.597
928,2026-02-20,volatile,0,0.3797,-1.197,0.448
929,2025-04-28,bull,1,0.8001,5.55,3.068
930,2024-12-13,bear,0,0.1217,-1.962,-1.755
931,2025-01-20,volatile,0,0.2308,0.49,-0.554
932,2025-10-31,bull,0,0.4542,3.103,3.282
933,2024-11-03,volatile,0,0.4665,1.762,0.498
934,2025-01-26,bear,0,0.2062,1.293,-1.061
935,2025-12-13,bear,0,0.0845,-1.118,-3.145
936,2025-05-16,volatile,0,0.3963,-0.327,1.04
937,2025-03-12,bear,0,0.2589,2.709,-1.089
938,2025-10-28,bull,0,0.3094,1.249,2.145
939,2024-10-08,bear,0,0.05,1.82,-2.743
940,2024-03-25,bull,0,0.6734,0.746,2.474
941,2025-12-14,bear,1,0.1274,-2.455,-2.584
942,2025-03-01,bear,1,0.2553,-0.246,-2.015
943,2024-11-09,volatile,0,0.2625,1.044,-0.427
944,2024-04-24,bull,0,0.3841,0.28,2.649
945,2026-04-13,volatile,0,0.1063,-1.654,-1.611
946,2025-10-21,bull,0,0.5354,2.061,2.785
947,2024-09-26,bull,0,0.6853,1.195,2.301
948,2025-07-11,bear,0,0.1642,-0.305,-1.803
949,2025-03-09,bear,0,0.0877,2.217,-2.676
950,2024-11-10,volatile,0,0.1624,0.913,-0.366
951,2024-10-28,volatile,1,0.2836,0.825,-0.214
952,2024-04-07,bull,1,0.6961,4.862,2.886
953,2026-05-25,volatile,0,0.1164,1.503,-1.068
954,2026-04-12,volatile,0,0.0976,0.894,-0.799
955,2026-02-24,volatile,0,0.1641,0.29,0.13
956,2024-10-31,volatile,1,0.2365,3.075,-0.528
957,2026-06-13,bull,0,0.6043,-0.471,2.131
958,2024-09-27,bull,1,0.398,4.03,2.371
959,2026-01-15,bear,0,0.154,0.488,-1.499
960,2024-04-29,bull,1,0.7302,5.406,3.987
961,2024-10-27,volatile,0,0.2342,2.444,-0.159
962,2025-06-15,bull,0,0.2438,-0.042,1.929
963,2026-05-19,volatile,0,0.2458,1.502,0.118
964,2024-09-18,bull,1,0.7823,5.363,4.169
965,2025-02-10,bear,0,0.0642,-0.505,-2.516
966,2026-01-31,volatile,1,0.3157,1.624,-0.855
967,2025-03-16,bear,0,0.0646,1.628,-2.153
968,2025-09-14,bear,0,0.256,-0.055,-1.85
969,2025-01-28,bear,0,0.1394,2.26,-1.91
970,2024-02-05,volatile,0,0.3557,-0.566,0.179
971,2024-10-03,bull,0,0.4708,0.557,3.03
972,2025-06-05,bull,1,0.7812,3.129,3.053
973,2024-02-18,bull,1,0.5224,4.378,2.68
974,2024-08-20,bull,0,0.4661,-0.165,2.385
975,2026-05-06,volatile,0,0.1262,1.64,-1.147
976,2024-02-15,bull,0,0.2985,1.302,1.097
977,2024-09-02,volatile,0,0.2769,0.045,-0.83
978,2025-07-21,bear,0,0.32,3.54,-0.624
979,2025-06-03,bull,0,0.6383,-0.487,2.751
980,2024-07-28,bear,0,0.1315,-1.458,-1.828
981,2024-03-24,bull,0,0.43,1.834,1.697
982,2026-03-21,bear,0,0.0919,-2.673,-2.02
983,2025-05-23,volatile,1,0.3613,2.957,0.048
984,2025-06-11,bull,1,0.8173,4.424,3.486
985,2024-03-22,bull,1,0.8087,1.71,3.111
986,2024-07-31,bear,0,0.1809,-0.76,-1.592
987,2024-04-05,bull,1,0.6124,0.815,2.671
988,2026-05-28,bull,0,0.5807,1.184,2.521
989,2025-11-28,bull,0,0.2986,-1.475,1.693
990,2025-05-19,volatile,0,0.1027,1.186,-1.387
991,2025-09-12,bear,0,0.0559,0.014,-2.376
992,2024-06-24,bear,1,0.0833,-2.089,-1.958
993,2026-06-05,bull,1,0.4763,3.665,2.341
994,2025-04-24,bull,1,0.3437,2.913,1.532
995,2025-04-23,bear,0,0.0729,2.304,-2.297
996,2026-05-11,volatile,0,0.159,-0.403,-0.957
997,2024-04-24,bull,0,0.523,0.43,1.311
998,2025-02-02,bear,0,0.0548,-0.398,-1.856
999,2024-04-18,bull,1,0.4967,3.257,2.459
1000,2025-02-03,bear,0,0.0564,-0.641,-2.335
1001,2024-09-20,bull,1,0.6102,3.208,3.159
1002,2025-03-06,bull,0,0.2745,-0.24,1.462
1003,2025-10-01,bull,0,0.2116,0.828,1.08
1004,2024-10-01,bull,1,0.6158,2.997,2.402
1005,2024-03-17,bull,1,0.7258,3.777,2.418
1006,2024-06-20,bear,1,0.1875,-0.537,-1.007
1007,2025-10-13,volatile,1,0.2399,-0.872,-0.524
1008,2025-06-16,bull,1,0.2885,2.797,2.01
1009,2026-05-28,bull,1,0.5197,2.124,2.91
1010,2026-03-16,bear,0,0.1169,1.378,-1.898
1011,2024-06-20,bear,0,0.2993,0.317,-1.484
1012,2025-10-30,bull,1,0.6753,3.12,2.253
1013,2024-04-20,bull,1,0.646,3.38,2.465
1014,2024-04-25,bull,0,0.8635,3.213,4.033
1015,2025-12-19,bear,0,0.2353,1.141,-2.187
1016,2025-01-13,volatile,1,0.2929,0.542,-0.2
1017,2026-06-13,bull,1,0.62,2.368,2.752
1018,2024-02-06,volatile,0,0.3329,1.851,0.265
1019,2025-04-11,bear,0,0.0961,0.205,-2.253
1020,2024-10-25,volatile,1,0.2499,-2.196,-0.508
1021,2026-06-03,bull,1,0.4057,2.311,2.007
1022,2025-09-03,bull,1,0.4276,2.648,1.831
1023,2025-11-30,bull,1,0.589,2.199,2.805
1024,2024-10-10,bear,1,0.4117,-0.055,-0.669
1025,2026-03-16,bear,0,0.3341,0.582,-1.374
1026,2026-01-29,volatile,0,0.1766,0.52,0.017
1027,2025-12-11,bear,1,0.3753,1.441,-1.084
1028,2025-03-20,bear,0,0.078,-1.47,-2.531
1029,2026-04-09,bear,0,0.104,3.611,-2.075
1030,2025-09-02,bull,1,0.5282,3.569,2.934
1031,2024-03-29,bull,0,0.6688,1.604,3.588
1032,2026-03-07,volatile,0,0.217,0.693,-1.308
1033,2024-02-20,bull,1,0.4688,0.69,2.739
1034,2025-09-14,bear,0,0.3376,-0.778,-0.338
1035,2024-09-05,bull,1,0.6343,2.014,2.2
1036,2026-03-19,bear,0,0.1753,2.254,-1.157
1037,2025-10-25,bull,0,0.5378,-1.47,2.746
1038,2025-12-31,bear,0,0.21,-0.683,-1.951
1039,2025-09-29,bull,0,0.6278,0.806,2.483
1040,2025-06-06,bull,0,0.6617,1.389,2.962
1041,2026-02-18,volatile,1,0.5046,2.141,0.767
1042,2024-10-16,volatile,0,0.0855,-1.004,-1.128
1043,2025-05-04,bull,1,0.359,1.174,3.016
1044,2024-10-16,volatile,0,0.5014,1.475,0.221
1045,2024-05-10,bear,0,0.1281,2.715,-2.495
1046,2026-02-28,volatile,1,0.1491,-0.166,-0.174
1047,2025-04-06,volatile,0,0.3338,-1.035,0.43
1048,2024-03-19,bull,0,0.6324,0.055,3.274
1049,2026-01-15,bear,0,0.0991,1.129,-2.076
1050,2026-04-26,volatile,0,0.2486,0.242,-0.737
1051,2025-08-27,bull,0,0.3832,2.581,1.239
1052,2024-11-10,volatile,0,0.107,1.87,-1.053
1053,2026-02-14,volatile,0,0.2359,0.86,-0.026
1054,2025-11-02,bear,0,0.1005,-2.338,-1.851
1055,2024-10-05,bull,0,0.3304,-0.543,2.443
1056,2024-11-13,bear,0,0.1302,-0.306,-2.024
1057,2026-06-05,bull,1,0.629,1.241,1.876
1058,2026-05-06,volatile,0,0.448,0.898,0.125
1059,2025-09-09,bear,1,0.0574,-2.001,-2.713
1060,2024-03-04,bull,1,0.3979,-0.145,1.876
1061,2024-08-18,bull,0,0.2644,1.612,1.326
1062,2024-12-03,bear,0,0.1582,0.651,-1.718
1063,2025-05-10,bull,0,0.2923,0.946,0.696
1064,2026-02-21,volatile,0,0.2906,1.697,-0.386
1065,2026-02-04,volatile,0,0.2423,-0.402,0.706
1066,2024-09-26,bull,1,0.7347,6.177,3.533
1067,2024-05-06,bull,0,0.3671,0.197,1.523
1068,2024-09-27,bull,0,0.5506,2.889,2.667
1069,2024-08-23,bull,0,0.396,-0.853,1.301
1070,2026-03-20,bear,0,0.0852,2.621,-2.221
1071,2024-02-14,bull,0,0.6792,-0.776,2.33
1072,2026-01-20,volatile,0,0.2437,4.529,0.065
1073,2025-08-23,bull,0,0.5024,-0.781,3.267
1074,2024-05-03,bull,0,0.3669,2.105,2.374
1075,2025-09-16,bear,0,0.0917,0.113,-1.498
1076,2025-06-17,bull,0,0.1604,1.438,1.381
1077,2024-02-05,volatile,0,0.1094,0.431,-1.296
1078,2024-08-13,volatile,1,0.2224,-2.145,-1.004
1079,2024-11-29,bear,0,0.0997,-3.598,-1.552
1080,2024-08-06,volatile,0,0.1981,4.324,-0.823
1081,2025-06-16,bull,0,0.4476,0.685,2.111
1082,2025-07-18,bear,0,0.1594,-3.843,-2.066
1083,2024-06-27,bear,0,0.2461,1.027,-1.969
1084,2024-05-19,bear,0,0.1197,1.676,-1.476
1085,2025-08-21,bull,1,0.7306,1.709,2.177
1086,2025-03-14,bear,0,0.1231,-0.503,-2.945
1087,2024-09-18,bull,0,0.6029,0.6,3.016
1088,2024-09-10,bull,1,0.7101,5.164,2.685
1089,2024-03-06,bull,0,0.534,0.682,1.987
1090,2026-02-09,volatile,0,0.35,2.768,-1.185
1091,2026-01-30,volatile,0,0.3675,2.386,0.497
1092,2025-05-26,volatile,0,0.1686,0.13,-1.055
1093,2024-11-30,bear,0,0.2378,-1.587,-0.827
1094,2024-08-06,volatile,0,0.1746,0.107,-1.219
1095,2024-10-24,volatile,1,0.1486,0.007,-1.328
1096,2026-04-13,volatile,1,0.151,-0.793,-1.366
1097,2024-04-18,bull,1,0.9248,5.44,3.684
1098,2026-01-13,bear,0,0.05,1.835,-2.525
1099,2024-10-22,volatile,0,0.1967,1.323,-0.881
1100,2024-09-18,bull,0,0.5311,0.142,2.364
1101,2026-01-02,bear,0,0.1168,1.38,-1.638
1102,2026-05-13,volatile,0,0.1825,3.887,-1.154
1103,2026-06-08,bull,0,0.5021,-1.66,2.407
1104,2024-09-20,bull,0,0.2451,1.096,1.363
1105,2025-06-27,volatile,0,0.2356,3.322,-0.747
1106,2024-10-12,bear,0,0.1045,-1.172,-2.058
1107,2024-07-18,bear,0,0.3491,2.187,-1.23
1108,2024-12-31,volatile,0,0.3193,2.413,0.283
1109,2024-03-27,bull,1,0.5493,0.937,2.582
1110,2024-06-23,bear,0,0.1489,1.728,-1.492
1111,2025-07-01,volatile,0,0.1658,0.06,-1.254
1112,2025-09-18,bear,0,0.2115,0.574,-1.902
1113,2024-09-22,bull,0,0.4992,0.048,2.244
1114,2025-05-29,volatile,0,0.0862,2.421,-1.19
1115,2025-11-24,bull,0,0.4544,0.401,2.082
1116,2026-03-16,bear,1,0.354,-0.971,-0.985
1117,2025-06-07,bull,1,0.4864,2.941,3.0
1118,2024-08-28,volatile,1,0.4222,0.407,0.202
1119,2025-10-10,volatile,0,0.1092,-1.12,-1.168
1120,2024-06-28,bear,0,0.272,-0.015,-1.599
1121,2024-06-01,bear,0,0.0812,0.693,-2.894
1122,2024-12-08,bear,0,0.109,1.222,-1.249
1123,2024-11-12,volatile,1,0.1937,1.889,-0.515
1124,2024-06-07,bear,0,0.1475,1.016,-1.868
1125,2024-03-18,bull,0,0.6111,-0.102,2.312
1126,2026-04-30,volatile,0,0.1719,-1.017,-1.066
1127,2025-09-09,bear,0,0.1325,1.121,-1.669
1128,2025-10-14,volatile,1,0.4307,1.567,0.981
1129,2024-03-30,bull,0,0.3375,0.404,1.765
1130,2025-12-21,bear,0,0.0621,0.794,-3.572
1131,2024-12-13,bear,0,0.1962,1.415,-1.534
1132,2025-11-10,bull,1,0.4984,3.217,2.258
1133,2025-04-01,volatile,0,0.2088,0.311,-0.657
1134,2024-08-30,volatile,0,0.4148,-0.571,-0.002
1135,2024-09-15,bull,0,0.4758,-0.382,2.271
1136,2024-06-02,bear,0,0.0857,1.83,-2.164
1137,2026-01-19,volatile,0,0.2516,-0.064,-0.982
1138,2025-02-07,bear,0,0.1646,-1.293,-1.63
1139,2025-12-07,bear,0,0.1126,2.329,-2.18
1140,2026-01-19,volatile,0,0.1029,-0.957,-1.575
1141,2024-06-25,bear,0,0.05,0.517,-2.639
1142,2024-11-13,bear,0,0.119,1.337,-2.45
1143,2024-05-19,bear,0,0.1002,0.477,-2.824
1144,2024-02-10,bull,0,0.4567,-3.282,1.518
1145,2026-06-04,bull,1,0.689,4.119,2.878
1146,2025-08-25,bull,1,0.6656,5.689,3.04
1147,2025-02-26,bear,0,0.0856,1.732,-2.308
1148,2024-07-24,bear,0,0.0643,-2.566,-2.02
1149,2025-06-27,volatile,0,0.2747,3.78,-0.007
1150,2025-05-16,volatile,0,0.1412,-1.354,-0.236
1151,2024-08-12,volatile,0,0.1502,-0.99,0.286
1152,2024-02-14,bull,0,0.2506,1.538,1.052
1153,2025-03-13,bear,0,0.1213,1.24,-2.155
1154,2025-04-17,bear,0,0.1351,0.76,-1.742
1155,2025-12-23,bear,0,0.1779,-0.31,-2.171
1156,2025-01-07,bull,1,0.6087,4.995,2.404
1157,2024-04-25,bull,0,0.6097,0.601,2.979
1158,2026-03-04,volatile,0,0.3651,-1.763,0.019
1159,2025-01-24,bear,1,0.3666,1.803,-0.785
1160,2025-10-18,bear,0,0.2234,1.023,-0.993
1161,2024-03-10,bull,1,0.466,4.288,2.037
1162,2024-03-04,bull,1,0.4812,3.455,2.026
1163,2024-02-22,bull,0,0.1548,3.95,1.215
1164,2025-12-15,bear,0,0.1073,0.09,-1.979
1165,2024-08-28,volatile,1,0.0788,-1.01,-1.466
1166,2025-12-17,bear,1,0.1277,-0.403,-2.089
1167,2026-04-29,volatile,1,0.2795,0.147,0.008
1168,2025-08-28,bull,0,0.4565,1.864,3.126
1169,2026-06-03,bull,1,0.6444,-0.037,3.657
1170,2026-04-15,volatile,0,0.1802,0.459,-0.662
1171,2025-10-19,bear,1,0.3026,-0.145,-0.806
1172,2025-12-27,bear,0,0.1006,0.404,-1.565
1173,2025-07-07,volatile,0,0.1064,-0.862,-1.359
1174,2024-08-09,volatile,0,0.1237,1.879,-1.013
1175,2024-04-30,bull,0,0.356,-0.202,2.016
1176,2024-12-28,volatile,0,0.2438,0.946,-0.293
1177,2025-03-19,bear,0,0.0796,0.439,-2.307
1178,2024-11-30,bear,0,0.0826,1.31,-2.633
1179,2024-04-30,bull,1,0.5646,5.32,2.599
1180,2025-04-13,bear,0,0.1015,0.833,-2.482
1181,2025-04-08,volatile,0,0.3527,1.921,-0.083
1182,2026-05-06,volatile,0,0.2504,0.849,-0.154
1183,2026-05-07,volatile,0,0.2148,-0.07,0.124
1184,2025-07-18,bear,0,0.1367,0.34,-2.296
1185,2026-02-06,volatile,0,0.3585,0.271,0.087
1186,2024-10-29,volatile,0,0.0846,1.292,-1.481
1187,2026-05-20,volatile,0,0.13,0.599,-0.944
1188,2026-04-26,volatile,0,0.1769,-0.74,-1.212
1189,2024-05-20,bear,0,0.2175,0.251,-2.038
1190,2025-09-29,bull,1,0.7091,1.447,3.027
1191,2025-03-03,bull,1,0.5607,2.271,2.018
1192,2024-09-19,bull,0,0.398,0.542,2.008
1193,2025-01-23,bear,0,0.1045,3.283,-1.89
1194,2026-03-27,volatile,0,0.2503,2.647,-0.396
1195,2026-04-11,volatile,0,0.1929,-1.022,-1.474
1196,2024-11-25,bear,0,0.1586,0.838,-2.313
1197,2025-03-07,bear,0,0.0608,0.776,-2.894
1198,2025-04-23,bear,0,0.0603,0.189,-2.506
1199,2025-10-28,bull,1,0.6086,3.953,3.493
1200,2025-03-22,volatile,1,0.3622,-1.213,-1.26
1201,2025-01-09,volatile,0,0.1879,3.302,-0.477
1202,2026-04-10,bull,0,0.7737,0.09,3.566
1203,2024-12-20,bull,0,0.4379,1.041,1.952
1204,2024-09-18,bull,1,0.7228,0.141,3.205
1205,2024-11-10,volatile,0,0.3189,1.948,0.491
1206,2024-11-16,bear,0,0.1418,2.36,-1.811
1207,2025-05-27,volatile,0,0.0697,-1.148,-1.59
1208,2025-08-26,bull,1,0.7872,3.412,3.365
1209,2024-05-28,bear,0,0.1255,1.295,-1.126
1210,2026-03-09,volatile,0,0.0665,0.568,-0.393
1211,2024-09-08,bull,1,0.6722,4.502,3.117
1212,2024-05-11,bear,0,0.1132,0.229,-1.527
1213,2025-09-02,bull,1,0.7187,6.98,3.466
1214,2024-08-01,bear,0,0.0904,-0.487,-2.168
1215,2025-11-11,bull,1,0.7155,6.709,2.054
1216,2026-05-02,bear,1,0.0775,-0.495,-2.825
1217,2025-09-23,bull,1,0.665,4.657,2.754
1218,2025-12-05,bull,1,0.5813,1.479,2.452
1219,2025-04-04,volatile,1,0.2996,1.887,-0.089
1220,2024-11-27,bear,0,0.1443,1.481,-2.627
1221,2025-07-16,bear,0,0.124,-2.622,-2.555
1222,2024-12-07,bear,0,0.0997,-1.608,-2.715
1223,2026-02-28,volatile,0,0.1233,1.192,0.026
1224,2025-03-14,bear,0,0.4382,0.54,-0.85
1225,2025-04-08,volatile,1,0.2853,-0.592,-0.341
1226,2025-09-06,bull,0,0.6401,2.263,2.744
1227,2024-07-14,bear,0,0.0872,-0.692,-1.481
1228,2025-06-01,bull,1,0.6559,2.62,2.713
1229,2025-11-15,bull,1,0.2968,1.197,1.733
1230,2025-12-04,bull,1,0.4362,2.938,1.713
1231,2024-08-14,volatile,0,0.0942,-2.08,-1.1
1232,2024-03-19,bull,0,0.4503,-0.372,0.89
1233,2024-07-18,bear,0,0.1469,-1.864,-1.499
1234,2026-01-10,bear,0,0.1469,0.145,-1.686
1235,2024-09-18,bull,1,0.359,4.123,2.454
1236,2024-03-23,bull,0,0.2346,1.48,1.055
1237,2025-07-02,volatile,0,0.0776,-0.691,-1.381
1238,2026-03-05,volatile,0,0.2857,1.374,-0.56
1239,2024-08-14,volatile,1,0.4097,0.893,0.396
1240,2024-03-10,bull,0,0.5674,2.56,2.0
1241,2024-06-02,bear,0,0.142,0.472,-1.244
1242,2024-05-22,bear,0,0.0992,-3.92,-2.607
1243,2024-07-27,bear,0,0.1032,1.923,-1.907
1244,2024-07-06,bear,0,0.2459,0.017,-1.297
1245,2025-08-06,bull,0,0.5373,0.144,2.062
1246,2024-08-12,volatile,0,0.2162,1.002,-1.008
1247,2025-05-21,volatile,1,0.4201,-1.556,-0.132
1248,2025-01-14,volatile,1,0.254,0.264,-0.437
1249,2025-08-21,bull,0,0.5825,1.502,2.751
1250,2025-08-21,bull,0,0.5071,1.066,2.402
1251,2025-06-28,volatile,0,0.5221,-0.189,0.312
1252,2026-03-15,bear,0,0.0736,2.096,-2.022
1253,2024-07-20,bear,0,0.1784,-0.867,-1.382
1254,2025-04-30,bull,1,0.6039,1.947,2.28
1255,2025-01-08,volatile,1,0.28,-0.7,-1.024
1256,2025-05-07,bull,1,0.6002,2.984,1.951
1257,2024-06-02,bear,0,0.0973,0.051,-1.877
1258,2024-11-04,volatile,1,0.3589,3.139,0.632
1259,2026-04-25,volatile,0,0.1417,1.001,-1.122
1260,2025-12-25,bear,0,0.05,0.532,-3.145
1261,2025-02-04,bear,0,0.05,0.805,-2.999
1262,2024-05-07,bull,1,0.4304,2.81,1.295
1263,2025-08-15,bull,1,0.6527,3.858,2.851
1264,2024-10-19,volatile,0,0.0838,-2.252,-1.225
1265,2024-11-12,volatile,1,0.3324,2.044,-0.198
1266,2024-04-25,bull,1,0.6743,3.082,2.302
1267,2024-10-09,bear,0,0.1634,1.612,-1.972
1268,2024-08-05,bear,1,0.109,-2.042,-2.065
1269,2024-03-02,bull,0,0.2682,-2.139,2.466
1270,2025-06-23,bull,0,0.2874,-3.053,0.629
1271,2026-05-20,volatile,0,0.1345,-0.867,-0.801
1272,2024-05-20,bear,0,0.188,1.405,-1.902
1273,2024-03-18,bull,1,0.802,6.47,3.773
1274,2024-04-29,bull,1,0.825,4.712,3.502
1275,2025-05-19,volatile,0,0.2,-1.136,-1.273
1276,2026-01-16,volatile,0,0.264,-0.628,-0.717
1277,2024-10-26,volatile,0,0.1756,2.458,-2.069
1278,2024-05-14,bear,1,0.3373,-2.925,-1.699
1279,2024-04-24,bull,1,0.7975,6.847,3.004
1280,2025-07-11,bear,1,0.1319,1.732,-1.706
1281,2024-12-06,bear,0,0.0809,3.807,-1.98
1282,2024-12-02,bear,1,0.4107,-0.126,-1.419
1283,2024-08-26,volatile,0,0.3372,0.182,0.148
1284,2026-03-18,bear,1,0.3101,-0.169,-1.408
1285,2024-12-22,bull,0,0.5152,1.997,3.004
1286,2025-10-06,bull,1,0.6394,2.082,2.507
1287,2025-11-05,bull,1,0.4028,1.797,2.784
1288,2024-03-24,bull,0,0.6353,0.244,2.965
1289,2024-09-03,volatile,0,0.1698,-0.604,-0.537
1290,2026-03-17,bear,0,0.1175,2.416,-2.083
1291,2026-03-06,volatile,1,0.463,0.449,0.686
1292,2025-01-25,bear,0,0.1858,0.894,-1.018
1293,2024-06-16,bear,0,0.1107,1.984,-2.099
1294,2024-10-16,volatile,1,0.2869,1.474,-0.998
1295,2026-05-03,bear,0,0.3048,0.938,-1.981
1296,2025-09-05,bull,1,0.698,3.376,2.159
1297,2024-04-07,bull,1,0.4327,1.26,2.245
1298,2025-10-15,bear,0,0.1884,2.312,-0.666
1299,2024-06-08,bear,1,0.279,-0.007,-2.527
1300,2024-10-21,volatile,0,0.3661,-2.178,-0.114
1301,2025-03-24,volatile,1,0.4161,4.132,0.731
1302,2024-12-02,bear,0,0.0508,-0.514,-2.106
1303,2025-09-27,bull,1,0.4325,3.553,2.081
1304,2024-06-16,bear,0,0.0775,0.576,-2.518
1305,2026-03-01,volatile,0,0.2053,0.466,-0.587
1306,2025-06-29,volatile,1,0.05,-1.109,-1.223
1307,2024-10-23,volatile,0,0.3045,-0.838,-0.088
1308,2026-05-09,volatile,0,0.126,1.398,-0.146
1309,2025-03-21,bear,1,0.1869,-1.716,-1.847
1310,2025-01-27,bear,1,0.1441,-3.511,-2.121
1311,2024-02-20,bull,0,0.6108,-0.888,3.035
1312,2026-06-12,bull,1,0.4818,0.721,2.185
1313,2026-02-03,volatile,0,0.2639,-0.191,-0.42
1314,2024-07-03,bear,0,0.2462,1.372,-1.918
1315,2026-05-01,bear,0,0.0503,-0.666,-2.877
1316,2025-12-21,bear,0,0.1852,2.118,-1.15
1317,2025-01-31,bear,0,0.05,0.243,-2.603
1318,2026-04-14,volatile,0,0.228,0.134,-0.346
1319,2025-05-30,bull,0,0.5457,0.5,1.107
1320,2025-09-19,bear,0,0.2083,2.828,-1.321
1321,2024-07-09,bear,0,0.0873,-1.593,-2.865
1322,2024-05-06,bull,0,0.2484,2.91,1.523
1323,2025-05-03,bull,0,0.3748,2.035,3.096
1324,2024-11-10,volatile,0,0.1802,0.5,-1.064
1325,2026-05-31,bull,1,0.4006,4.481,2.273
1326,2024-04-16,bull,1,0.6388,2.877,2.715
1327,2025-11-22,bull,1,0.1784,1.883,1.07
1328,2025-07-06,volatile,1,0.1439,-1.212,-0.876
1329,2026-03-03,volatile,0,0.1907,1.967,-0.583
1330,2026-06-14,bull,0,0.55,-0.391,3.175
1331,2026-02-24,volatile,0,0.2223,0.626,0.049
1332,2024-12-22,bull,1,0.6857,5.029,3.311
1333,2025-09-25,bull,0,0.5679,2.145,2.1
1334,2024-06-21,bear,0,0.05,-0.868,-3.589
1335,2025-03-28,bear,0,0.0998,1.753,-1.788
1336,2024-09-21,bull,1,0.7597,2.385,3.124
1337,2024-09-05,bull,0,0.7671,-2.51,3.566
1338,2025-06-09,bull,0,0.5187,-0.487,2.597
1339,2024-05-21,bear,0,0.0674,1.715,-2.786
1340,2025-06-08,bull,1,0.6243,2.423,1.906
1341,2025-01-13,volatile,0,0.3349,-0.031,0.981
1342,2024-08-18,bull,1,0.4371,1.993,1.46
1343,2025-06-02,bull,1,0.5567,2.661,2.153
1344,2025-11-12,bull,1,0.6199,5.008,3.391
1345,2025-07-13,bear,0,0.0876,-1.878,-2.404
1346,2024-04-18,bull,1,0.4594,2.1,1.789
1347,2025-06-02,bull,1,0.7574,4.219,3.288
1348,2025-07-24,bear,0,0.0659,-1.419,-1.566
1349,2025-09-15,bear,0,0.0993,-1.523,-2.298
1350,2025-02-04,bear,0,0.0715,-0.077,-2.815
1351,2024-04-24,bull,1,0.8381,4.552,3.744
1352,2024-05-22,bear,1,0.1025,-1.867,-2.475
1353,2024-11-15,bear,0,0.2308,-0.106,-1.183
1354,2025-08-03,bull,1,0.7669,3.019,3.235
1355,2025-11-02,bear,0,0.086,-0.055,-2.259
1356,2025-09-06,bull,0,0.3229,0.988,2.485
1357,2024-10-29,volatile,1,0.5115,2.843,0.257
1358,2025-02-16,bear,0,0.2289,-2.596,-1.268
1359,2024-03-13,bull,1,0.3847,2.359,1.025
1360,2025-12-23,bear,1,0.1048,-1.319,-1.792
1361,2024-12-03,bear,0,0.1066,1.366,-1.47
1362,2025-04-17,bear,0,0.0832,2.263,-2.547
1363,2025-02-24,bear,0,0.135,-0.521,-2.026
1364,2024-10-06,bear,0,0.05,1.871,-3.112
1365,2024-06-26,bear,0,0.05,-1.338,-2.75
1366,2026-05-06,volatile,0,0.238,0.678,-1.229
1367,2024-05-15,bear,0,0.1132,0.167,-2.072
1368,2026-04-28,volatile,0,0.29,0.643,-0.658
1369,2024-05-09,bear,0,0.0949,-1.006,-2.887
1370,2024-04-24,bull,1,0.7851,4.576,3.176
1371,2026-03-24,volatile,0,0.2348,3.0,-0.005
1372,2026-04-30,volatile,1,0.482,-0.148,0.556
1373,2026-03-17,bear,0,0.1726,0.859,-2.278
1374,2025-12-03,bull,0,0.4838,1.819,2.077
1375,2025-04-03,volatile,1,0.6336,1.516,1.212
1376,2024-05-04,bull,1,0.3129,5.076,2.506
1377,2025-06-27,volatile,0,0.1291,-0.095,-0.179
1378,2025-04-26,bull,1,0.727,2.88,2.394
1379,2025-10-30,bull,1,0.314,0.68,1.705
1380,2024-03-03,bull,1,0.8116,3.576,2.727
1381,2024-04-08,bull,1,0.745,3.678,3.023
1382,2025-06-25,bull,1,0.833,5.237,3.568
1383,2026-02-10,volatile,0,0.385,-0.285,0.138
1384,2026-04-19,volatile,0,0.2828,-0.308,0.018
1385,2025-06-08,bull,1,0.388,3.515,2.242
1386,2024-12-16,bear,0,0.1224,2.595,-2.324
1387,2025-03-16,bear,0,0.1939,1.739,-0.524
1388,2025-04-16,bear,0,0.0937,3.203,-2.888
1389,2025-07-21,bear,0,0.0665,1.278,-2.831
1390,2024-08-16,bull,1,0.594,4.269,2.845
1391,2025-01-03,bull,1,0.7759,5.31,3.541
1392,2025-05-14,bull,1,0.6311,5.677,2.835
1393,2026-02-06,volatile,1,0.3336,2.822,0.289
1394,2025-12-27,bear,0,0.0723,-1.239,-3.193
1395,2025-11-15,bull,0,0.5995,1.741,2.185
1396,2024-08-06,volatile,0,0.0922,0.795,-1.636
1397,2025-01-18,volatile,1,0.3098,0.112,-0.254
1398,2025-05-25,volatile,1,0.1544,-3.899,-1.668
1399,2026-05-19,volatile,0,0.0523,-1.861,-1.117
1400,2024-12-04,bear,0,0.1819,0.092,-1.914
1401,2026-04-06,bear,0,0.235,-1.502,-1.126
1402,2025-11-09,bull,1,0.4377,2.454,2.395
1403,2025-08-03,bull,1,0.7246,4.792,3.076
1404,2025-10-01,bull,1,0.6012,2.792,3.021
1405,2025-12-19,bear,0,0.0985,0.694,-1.867
1406,2025-09-28,bull,1,0.4973,0.572,1.697
1407,2025-09-05,bull,0,0.5254,1.093,2.953
1408,2024-12-24,bull,1,0.7241,4.494,3.081
1409,2025-02-06,bear,0,0.0913,-1.457,-1.925
1410,2025-07-04,volatile,0,0.2483,-0.517,0.191
1411,2026-01-31,volatile,0,0.118,-1.429,-0.51
1412,2025-08-18,bull,0,0.5825,1.422,3.204
1413,2026-06-05,bull,1,0.6241,3.578,2.742
1414,2025-09-12,bear,0,0.1007,0.462,-2.123
1415,2025-01-19,volatile,0,0.2604,0.357,-0.777
1416,2025-06-13,bull,0,0.5125,1.0,2.047
1417,2025-07-25,bear,0,0.221,1.184,-1.171
1418,2026-02-20,volatile,1,0.1087,-1.929,-1.632
1419,2024-09-10,bull,0,0.3678,-0.464,1.582
1420,2024-09-04,bull,1,0.4639,2.637,2.171
1421,2024-07-25,bear,0,0.2556,0.456,-0.843
1422,2024-03-21,bull,1,0.6747,6.653,2.87
1423,2025-09-07,bull,1,0.3843,1.291,1.442
1424,2026-05-14,volatile,1,0.3973,1.436,0.278
1425,2025-07-16,bear,0,0.263,1.416,-1.494
1426,2024-03-25,bull,1,0.286,3.649,1.078
1427,2024-12-13,bear,0,0.05,-0.855,-3.658
1428,2026-03-24,volatile,0,0.1667,2.575,-0.452
1429,2024-03-17,bull,1,0.6125,3.785,3.306
1430,2025-07-15,bear,1,0.4106,3.603,-0.892
1431,2025-02-17,bear,1,0.0917,-1.278,-2.327
1432,2026-04-06,bear,1,0.3445,-2.217,-1.138
1433,2025-04-20,bear,0,0.05,0.069,-3.602
1434,2025-06-04,bull,1,0.4967,4.962,2.403
1435,2025-10-18,bear,0,0.0861,0.661,-2.304
1436,2026-01-12,bear,0,0.2586,0.609,-1.038
1437,2025-04-22,bear,1,0.32,0.686,-1.106
1438,2025-10-17,bear,0,0.1872,0.164,-1.045
1439,2025-12-29,bear,0,0.1398,0.139,-2.95
1440,2025-05-01,bull,0,0.6392,-0.742,3.33
1441,2025-10-13,volatile,0,0.1647,3.22,0.41
1442,2024-12-12,bear,0,0.05,-1.416,-2.974
1443,2024-12-05,bear,0,0.05,0.636,-3.08
1444,2024-02-04,volatile,0,0.2989,1.397,-0.149
1445,2025-09-03,bull,0,0.4716,0.55,2.648
1446,2024-09-06,bull,1,0.4229,0.638,2.059
1447,2026-01-06,bear,0,0.098,-0.928,-2.268
1448,2026-05-05,volatile,1,0.2957,1.279,-0.114
1449,2026-02-28,volatile,0,0.212,-0.604,-0.476
1450,2024-09-27,bull,0,0.3366,-2.673,1.687
1451,2025-08-18,bull,1,0.7283,5.243,3.884
1452,2025-11-13,bull,1,0.8078,2.637,3.256
1453,2025-04-14,bear,0,0.0628,1.502,-2.252
1454,2025-04-16,bear,0,0.1269,0.255,-1.93
1455,2025-02-14,bear,1,0.1356,-1.211,-1.456
1456,2024-10-25,volatile,0,0.1695,0.544,-1.356
1457,2025-06-11,bull,1,0.62,1.588,2.679
1458,2026-06-08,bull,0,0.366,-0.783,1.159
1459,2024-08-09,volatile,1,0.196,-0.175,-0.355
1460,2024-03-13,bull,1,0.5083,0.935,2.177
1461,2024-03-21,bull,1,0.3633,3.31,1.763
1462,2025-06-19,bull,0,0.8687,0.294,3.53
1463,2024-09-22,bull,0,0.6006,-1.579,2.464
1464,2025-03-07,bear,0,0.1283,-0.237,-1.995
1465,2026-05-04,bear,1,0.05,-2.589,-3.13
1466,2024-04-08,bull,0,0.5309,-0.139,1.905
1467,2024-07-02,bear,0,0.1302,1.226,-1.801
1468,2024-08-05,bear,0,0.1446,1.468,-2.151
1469,2025-03-03,bull,0,0.2745,3.978,1.387
1470,2025-09-24,bull,1,0.597,5.028,2.692
1471,2024-07-09,bear,1,0.1558,-3.76,-1.919
1472,2024-05-05,bull,1,0.7227,3.471,3.291
1473,2024-04-16,bull,1,0.4588,2.169,2.044
1474,2025-12-25,bear,0,0.0659,1.206,-3.007
1475,2024-02-27,bull,1,0.4621,0.857,1.768
1476,2025-07-26,bear,0,0.1861,-0.317,-2.469
1477,2025-06-16,bull,0,0.6684,-1.202,2.738
1478,2024-04-29,bull,0,0.3531,-0.541,1.394
1479,2025-05-24,volatile,1,0.1649,-0.779,-0.459
1480,2024-10-07,bear,1,0.3701,-0.542,-0.805
1481,2025-04-22,bear,0,0.0836,-1.197,-1.559
1482,2024-05-30,bear,0,0.2095,2.153,-1.372
1483,2025-09-01,bull,0,0.3133,1.133,1.881
1484,2025-12-22,bear,0,0.0611,-1.743,-2.473
1485,2024-02-04,volatile,0,0.3987,0.756,0.033
1486,2025-05-08,bull,0,0.4831,-1.753,2.379
1487,2025-08-15,bull,1,0.5151,4.721,2.111
1488,2024-02-04,volatile,0,0.2185,2.884,-0.842
1489,2025-10-20,bull,0,0.6456,0.516,2.107
1490,2025-05-16,volatile,0,0.0823,-0.819,-1.724
1491,2024-10-23,volatile,0,0.4312,-0.301,-0.109
1492,2025-03-25,volatile,1,0.4007,0.447,0.329
1493,2025-09-14,bear,0,0.2151,0.477,-1.618
1494,2025-08-11,bull,1,0.4708,4.365,1.785
1495,2025-12-04,bull,1,0.3322,2.441,0.643
1496,2024-03-03,bull,0,0.5058,1.877,1.467
1497,2025-12-14,bear,0,0.2034,0.992,-1.065
1498,2024-03-03,bull,1,0.4886,0.064,1.309
1499,2025-08-17,bull,0,0.6362,-0.6,2.076
1500,2024-11-30,bear,0,0.1268,0.745,-1.632
1501,2024-03-28,bull,1,0.6578,2.231,3.293
1502,2025-09-19,bear,0,0.1015,1.026,-2.219
1503,2025-05-24,volatile,1,0.2145,1.354,-0.386
1504,2025-08-31,bull,1,0.4112,4.587,3.174
1505,2024-12-23,bull,1,0.5076,3.295,2.016
1506,2024-09-29,bull,0,0.3373,-2.269,1.773
1507,2025-07-26,bear,0,0.22,2.63,-1.83
1508,2024-08-06,volatile,0,0.2772,-1.749,-0.322
1509,2026-01-04,bear,1,0.4941,-0.161,-0.726
1510,2025-09-14,bear,0,0.1899,1.56,-1.547
1511,2026-06-15,bull,1,0.6573,5.096,3.854
1512,2024-02-25,bull,0,0.2952,-1.435,1.356
1513,2025-06-22,bull,0,0.6467,-1.002,2.678
1514,2025-05-28,volatile,1,0.156,0.484,-0.458
1515,2026-02-12,volatile,1,0.3528,0.961,-0.417
1516,2025-02-02,bear,1,0.1288,-2.344,-1.343
1517,2026-04-22,volatile,1,0.3753,0.891,-0.281
1518,2024-08-26,volatile,1,0.6106,-0.253,1.221
1519,2026-02-09,volatile,0,0.3728,1.659,0.944
1520,2025-04-27,bull,1,0.8226,2.704,3.32
1521,2026-04-28,volatile,0,0.235,0.774,-0.574
1522,2024-08-07,volatile,0,0.4639,0.621,0.34
1523,2024-09-14,bull,1,0.2431,4.472,2.286
1524,2025-06-04,bull,1,0.8443,3.974,2.886
1525,2025-05-24,volatile,0,0.0704,-0.427,-0.951
1526,2024-06-09,bear,0,0.0504,1.069,-3.084
1527,2025-08-18,bull,1,0.5691,6.282,2.425
1528,2025-01-17,volatile,1,0.4955,2.328,0.516
1529,2024-06-11,bear,0,0.0956,0.386,-2.679
1530,2025-04-18,bear,0,0.0958,-0.71,-2.413
1531,2025-09-27,bull,1,0.6547,1.991,2.316
1532,2024-02-29,bull,1,0.5082,3.371,1.781
1533,2026-04-08,bear,0,0.2087,-0.658,-1.282
1534,2025-07-14,bear,0,0.464,0.816,-0.735
1535,2024-09-14,bull,1,0.5973,5.07,2.283
1536,2025-11-12,bull,0,0.3297,0.74,2.059
1537,2026-01-31,volatile,0,0.1317,-1.162,-1.106
1538,2026-05-09,volatile,0,0.2507,3.804,-0.77
1539,2025-12-16,bear,0,0.0767,3.133,-2.535
1540,2024-07-26,bear,0,0.1988,1.383,-1.719
1541,2024-06-22,bear,0,0.1436,2.545,-1.942
1542,2024-07-31,bear,1,0.1124,-2.116,-2.254
1543,2026-02-28,volatile,0,0.517,1.863,0.921
1544,2024-10-22,volatile,0,0.1634,-0.134,-0.64
1545,2024-11-13,bear,0,0.2217,-1.457,-1.823
1546,2026-03-13,volatile,1,0.3414,4.218,-0.313
1547,2024-07-27,bear,0,0.1617,-1.444,-1.269
1548,2025-01-18,volatile,0,0.4188,1.154,0.42
1549,2024-10-15,bear,1,0.2187,-0.882,-1.943
1550,2024-10-20,volatile,0,0.414,1.453,-0.009
1551,2025-07-01,volatile,1,0.2238,-0.308,-0.686
1552,2025-11-04,bull,0,0.5202,0.552,3.453
1553,2024-09-18,bull,0,0.4469,0.888,2.496
1554,2024-03-05,bull,1,0.8331,5.349,3.892
1555,2025-08-08,bull,1,0.3632,2.282,1.859
1556,2025-05-21,volatile,0,0.1447,0.38,-0.98
1557,2025-08-25,bull,1,0.7304,1.596,2.908
1558,2025-02-25,bear,0,0.0867,3.383,-3.233
1559,2025-12-04,bull,0,0.7372,1.444,2.608
1560,2025-07-26,bear,0,0.2654,1.008,-1.423
1561,2025-11-18,bull,1,0.393,1.291,1.697
1562,2025-10-26,bull,1,0.4362,0.745,1.708
1563,2025-04-06,volatile,0,0.0558,1.767,-0.43
1564,2024-11-09,volatile,0,0.2059,0.29,-0.781
1565,2025-06-19,bull,0,0.5916,1.472,2.261
1566,2025-08-05,bull,1,0.5419,0.563,2.071
1567,2025-06-10,bull,1,0.5023,4.635,1.802
1568,2025-04-30,bull,1,0.5056,4.175,2.258
1569,2024-11-24,bear,0,0.0803,0.436,-2.153
1570,2024-05-27,bear,0,0.217,1.466,-0.949
1571,2025-02-05,bear,0,0.0929,1.65,-2.466
1572,2026-03-05,volatile,0,0.1702,-1.396,-0.146
1573,2025-10-13,volatile,0,0.3001,3.033,-0.803
1574,2025-11-15,bull,1,0.3444,3.513,2.258
1575,2025-10-31,bull,0,0.2868,-0.636,1.692
1576,2026-04-09,bear,1,0.05,-4.196,-2.981
1577,2024-08-15,bull,1,0.4235,3.68,1.729
1578,2025-10-17,bear,0,0.1496,0.924,-1.435
1579,2024-04-02,bull,0,0.7048,1.424,2.877
1580,2024-08-31,volatile,0,0.0556,0.436,-2.142
1581,2024-02-27,bull,1,0.4708,1.368,2.337
1582,2025-02-08,bear,0,0.0516,1.208,-2.999
1583,2024-06-02,bear,1,0.0991,-2.212,-2.473
1584,2025-01-01,volatile,1,0.5474,1.072,0.426
1585,2024-05-28,bear,0,0.1051,4.098,-2.313
1586,2024-03-03,bull,1,0.6166,3.98,2.091
1587,2025-03-21,bear,0,0.2234,2.125,-0.55
1588,2025-01-22,bear,1,0.1325,2.494,-2.213
1589,2025-01-27,bear,0,0.0923,1.086,-2.476
1590,2024-11-26,bear,0,0.2726,0.776,-2.477
1591,2025-01-21,volatile,0,0.1422,-0.529,-0.929
1592,2024-02-05,volatile,0,0.277,-0.073,-0.452
1593,2025-03-21,bear,0,0.1078,-2.431,-1.454
1594,2026-02-03,volatile,0,0.05,1.626,-1.315
1595,2024-06-01,bear,0,0.1029,-1.299,-1.475
1596,2024-06-05,bear,0,0.2498,1.93,-2.189
1597,2025-12-07,bear,1,0.1969,-1.577,-2.151
1598,2025-04-10,bear,1,0.2792,-0.557,-1.419
1599,2024-09-11,bull,1,0.5513,3.3,2.724
1600,2025-12-11,bear,0,0.05,2.637,-2.726
1601,2024-11-09,volatile,0,0.2642,2.489,-0.247
1602,2025-07-08,volatile,0,0.1726,0.447,-1.231
1603,2025-05-27,volatile,0,0.1281,-0.899,-0.813
1604,2024-06-27,bear,0,0.05,1.734,-3.138
1605,2025-11-16,bull,1,0.5282,1.489,2.366
1606,2025-07-20,bear,0,0.1281,-1.822,-2.339
1607,2024-07-31,bear,0,0.1124,1.37,-2.372
1608,2025-11-18,bull,0,0.3298,2.223,1.161
1609,2025-07-22,bear,0,0.1042,-0.084,-2.27
1610,2026-02-10,volatile,0,0.2512,1.231,-0.18
1611,2026-01-11,bear,0,0.05,-0.148,-2.792
1612,2024-11-03,volatile,1,0.2376,1.428,-0.271
1613,2026-04-22,volatile,0,0.2968,2.165,-0.729
1614,2024-03-02,bull,1,0.6704,2.654,2.467
1615,2024-11-17,bear,1,0.2496,-2.274,-1.382
1616,2025-07-11,bear,0,0.1322,-1.501,-1.334
1617,2025-05-09,bull,0,0.4168,1.978,2.713
1618,2024-08-15,bull,0,0.5579,-1.195,2.534
1619,2024-07-23,bear,0,0.1379,1.102,-2.022
1620,2025-12-08,bear,0,0.1567,1.813,-1.088
1621,2026-02-28,volatile,0,0.115,-0.276,-1.302
1622,2025-09-12,bear,0,0.0587,0.317,-2.598
1623,2025-05-05,bull,0,0.5951,2.049,2.218
1624,2025-12-01,bull,1,0.6524,1.737,2.372
1625,2024-08-27,volatile,0,0.1045,-0.887,-0.662
1626,2026-05-18,volatile,0,0.0703,0.031,-1.949
1627,2024-05-20,bear,0,0.2314,2.551,-1.724
1628,2025-06-21,bull,0,0.6312,3.101,3.192
1629,2024-11-23,bear,0,0.09,0.244,-3.05
1630,2026-03-25,volatile,1,0.2637,-0.802,-0.341
1631,2024-08-31,volatile,0,0.2953,2.282,0.268
1632,2025-08-10,bull,1,0.6328,1.325,3.184
1633,2024-06-16,bear,0,0.0873,0.916,-1.779
1634,2024-07-08,bear,0,0.1089,0.429,-2.56
1635,2025-01-27,bear,0,0.1757,2.535,-2.185
1636,2025-12-24,bear,0,0.2049,2.704,-1.39
1637,2024-09-29,bull,1,0.5749,1.418,2.237
1638,2025-09-24,bull,0,0.4684,0.822,2.917
1639,2025-06-10,bull,1,0.4101,1.866,2.243
1640,2026-05-27,bull,0,0.5783,0.19,3.187
1641,2024-10-19,volatile,0,0.3938,1.548,-0.024
1642,2024-08-30,volatile,0,0.3256,0.094,-1.014
1643,2026-03-23,bear,0,0.1103,0.882,-2.252
1644,2024-11-16,bear,0,0.1933,2.184,-0.888
1645,2024-08-05,bear,0,0.1537,2.8,-2.563
1646,2026-01-12,bear,0,0.2447,1.147,-1.315
1647,2026-01-05,bear,0,0.0747,0.686,-2.266
1648,2024-03-27,bull,1,0.8176,2.148,3.109
1649,2026-02-11,volatile,0,0.3237,3.069,-0.116
1650,2025-08-02,bull,0,0.4644,1.3,2.586
1651,2024-09-30,bull,0,0.7341,0.958,3.644
1652,2025-05-10,bull,0,0.535,0.763,2.695
1653,2024-08-26,volatile,0,0.1611,1.025,-0.827
1654,2024-06-27,bear,0,0.0761,1.696,-2.181
1655,2024-05-26,bear,0,0.1762,2.045,-0.911
1656,2024-06-23,bear,0,0.1448,3.085,-1.415
1657,2025-06-20,bull,0,0.3863,0.849,2.267
1658,2026-01-02,bear,0,0.1017,3.206,-2.652
1659,2025-03-28,bear,0,0.155,2.19,-1.742
1660,2024-02-15,bull,1,0.4625,2.53,2.081
1661,2025-02-06,bear,0,0.3899,-1.689,-0.908
1662,2025-11-09,bull,0,0.7963,0.743,2.998
1663,2026-01-24,volatile,1,0.2277,2.642,-0.263
1664,2025-10-27,bull,0,0.7591,-0.453,2.618
1665,2024-12-17,bull,0,0.5373,0.676,2.505
1666,2025-08-16,bull,0,0.6828,0.938,3.278
1667,2024-04-01,bull,0,0.3565,1.837,1.293
1668,2025-01-21,volatile,1,0.1686,-1.073,-1.021
1669,2025-05-11,bull,1,0.7072,2.044,2.653
1670,2024-02-26,bull,0,0.7038,1.599,3.329
1671,2024-02-14,bull,1,0.383,1.397,1.997
1672,2025-12-26,bear,0,0.0745,-2.259,-2.301
1673,2024-08-10,volatile,0,0.1432,3.398,-0.089
1674,2024-05-20,bear,0,0.153,1.914,-2.678
1675,2025-06-28,volatile,0,0.3699,3.369,-0.578
1676,2024-10-01,bull,1,0.6713,4.955,2.964
1677,2026-05-29,bull,1,0.5499,3.445,1.89
1678,2026-04-30,volatile,0,0.1147,0.934,-2.147
1679,2026-01-14,bear,0,0.05,0.181,-2.593
1680,2024-10-20,volatile,0,0.2633,1.342,-0.366
1681,2026-02-28,volatile,0,0.0738,-0.439,-1.443
1682,2024-09-09,bull,1,0.7389,1.058,2.102
1683,2024-08-27,volatile,0,0.1011,-0.061,-1.289
1684,2026-05-23,volatile,1,0.5136,2.758,0.077
1685,2025-09-07,bull,0,0.7933,-1.045,3.494
1686,2024-04-16,bull,1,0.6329,0.54,1.88
1687,2026-03-09,volatile,0,0.2077,1.481,-0.271
1688,2024-06-19,bear,0,0.1066,-0.133,-3.059
1689,2025-09-13,bear,0,0.1253,1.288,-2.497
1690,2025-02-15,bear,0,0.3262,2.25,-1.03
1691,2024-02-17,bull,1,0.5348,3.754,2.518
1692,2025-12-14,bear,0,0.08,-0.397,-2.424
1693,2025-09-17,bear,0,0.05,2.416,-2.528
1694,2026-03-07,volatile,0,0.4608,1.805,0.264
1695,2025-07-15,bear,1,0.05,-3.027,-3.425
1696,2025-11-16,bull,0,0.5905,0.513,2.31
1697,2026-03-26,volatile,0,0.2456,1.137,-0.933
1698,2026-05-26,volatile,0,0.2477,0.037,-1.087
1699,2025-05-31,bull,1,0.7369,1.665,3.44
1700,2024-02-16,bull,1,0.482,5.507,3.671
1701,2024-11-27,bear,0,0.0677,1.486,-2.587
1702,2025-07-21,bear,0,0.264,-2.652,-0.41
1703,2024-05-06,bull,0,0.4735,1.216,1.112
1704,2024-05-12,bear,0,0.2545,3.348,-1.505
1705,2025-01-08,volatile,1,0.2639,-1.601,-0.503
1706,2026-03-30,volatile,0,0.1572,0.415,-0.075
1707,2024-11-06,volatile,0,0.1294,0.26,-0.834
1708,2026-04-21,volatile,0,0.1774,3.054,-0.307
1709,2025-12-27,bear,0,0.0671,2.289,-1.766
1710,2024-10-21,volatile,1,0.1231,-1.768,-0.933
1711,2024-08-19,bull,0,0.3878,1.073,2.343
1712,2026-01-17,volatile,0,0.0947,3.956,-1.31
1713,2025-11-16,bull,1,0.4126,0.503,0.97
1714,2025-07-31,bull,0,0.5246,0.492,2.405
1715,2026-05-28,bull,1,0.3785,2.87,1.625
1716,2024-04-28,bull,1,0.4411,1.335,1.7
1717,2024-12-31,volatile,0,0.2133,3.271,-0.099
1718,2025-07-07,volatile,0,0.208,-0.115,-0.314
1719,2024-04-04,bull,1,0.7297,2.602,3.9
1720,2026-05-26,volatile,0,0.0719,-0.438,-1.485
1721,2025-06-10,bull,1,0.4864,4.107,2.494
1722,2024-10-25,volatile,0,0.2898,-0.617,-0.762
1723,2024-08-26,volatile,1,0.2487,0.992,-0.116
1724,2024-02-02,volatile,1,0.3499,1.657,0.166
1725,2025-06-28,volatile,1,0.2699,-2.48,-1.221
1726,2026-05-26,volatile,0,0.2604,-0.261,-0.372
1727,2024-03-04,bull,1,0.5311,3.368,2.33
1728,2025-01-25,bear,0,0.0762,1.699,-1.373
1729,2025-08-27,bull,1,0.2361,1.164,1.573
1730,2025-02-08,bear,0,0.2753,0.887,-1.201
1731,2025-08-18,bull,0,0.5863,0.163,1.676
1732,2025-10-10,volatile,0,0.3487,1.616,-0.316
1733,2026-05-17,volatile,0,0.2985,1.332,-0.551
1734,2025-07-08,volatile,0,0.2523,-0.0,-0.19
1735,2025-10-07,volatile,0,0.2988,1.427,-0.072
1736,2024-10-20,volatile,0,0.4068,0.18,0.324
1737,2024-06-11,bear,0,0.1671,1.396,-0.744
1738,2024-04-28,bull,0,0.415,1.242,1.892
1739,2024-05-06,bull,0,0.5931,4.212,2.797
1740,2026-01-17,volatile,1,0.2211,0.186,0.048
1741,2024-03-08,bull,0,0.4777,0.281,2.162
1742,2025-03-26,volatile,0,0.2027,-0.528,-0.926
1743,2025-07-16,bear,0,0.1672,-0.972,-1.963
1744,2025-09-05,bull,1,0.6457,2.649,2.664
1745,2024-03-30,bull,0,0.4211,1.428,1.752
1746,2026-02-15,volatile,0,0.1875,1.617,-0.703
1747,2025-02-14,bear,1,0.1588,-1.131,-2.215
1748,2024-02-17,bull,1,0.548,3.107,2.956
1749,2024-05-26,bear,0,0.2262,-0.013,-1.906
1750,2026-02-14,volatile,0,0.1456,-0.942,-1.03
1751,2026-04-27,volatile,0,0.477,-0.031,0.66
1752,2025-11-13,bull,0,0.2833,-1.508,1.782
1753,2024-11-16,bear,0,0.05,2.41,-3.077
1754,2026-05-01,bear,0,0.1328,3.331,-2.041
1755,2024-09-27,bull,1,0.4271,-0.484,1.945
1756,2024-08-22,bull,1,0.5361,3.463,2.444
1757,2025-11-24,bull,0,0.4256,0.993,2.684
1758,2024-11-06,volatile,0,0.2856,0.866,0.036
1759,2025-04-26,bull,1,0.5738,1.204,1.588
1760,2025-08-27,bull,1,0.3842,3.982,1.814
1761,2024-06-24,bear,0,0.1501,1.163,-2.305
1762,2026-04-12,volatile,1,0.3343,2.245,0.015
1763,2024-06-24,bear,0,0.1266,-0.549,-2.233
1764,2026-06-09,bull,1,0.53,0.064,1.652
1765,2024-09-28,bull,1,0.5095,2.803,1.742
1766,2025-01-27,bear,1,0.1447,-3.38,-2.504
1767,2024-09-08,bull,0,0.413,2.047,1.885
1768,2025-05-13,bull,0,0.2277,-2.735,1.882
1769,2024-02-02,volatile,0,0.1517,-0.072,-0.075
1770,2024-06-28,bear,0,0.0671,-0.516,-2.934
1771,2025-04-26,bull,1,0.8076,3.856,3.625
1772,2025-09-24,bull,1,0.4998,3.603,2.606
1773,2026-05-14,volatile,0,0.1911,1.178,-0.634
1774,2026-01-26,volatile,0,0.1013,1.434,-0.984
1775,2026-04-09,bear,1,0.1475,0.423,-1.37
1776,2025-12-23,bear,0,0.1894,0.327,-1.733
1777,2025-12-04,bull,1,0.5068,5.249,1.566
1778,2024-11-27,bear,0,0.118,2.69,-1.935
1779,2026-03-25,volatile,0,0.2306,-0.066,-1.84
1780,2026-05-15,volatile,0,0.0538,0.202,-1.322
1781,2025-04-21,bear,0,0.0863,-0.02,-2.442
1782,2024-05-16,bear,0,0.1096,1.17,-1.872
1783,2024-03-09,bull,1,0.5842,1.41,2.281
1784,2025-04-04,volatile,0,0.296,-0.498,0.309
1785,2025-08-04,bull,0,0.5017,-2.751,1.92
1786,2025-05-26,volatile,0,0.2512,0.04,0.258
1787,2026-03-18,bear,0,0.0989,2.177,-1.528
1788,2025-05-11,bull,1,0.4222,2.497,2.23
1789,2025-08-26,bull,1,0.5177,3.296,2.81
1790,2025-11-18,bull,0,0.5747,1.002,3.018
1791,2026-03-17,bear,0,0.092,-0.978,-2.318
1792,2025-07-13,bear,0,0.1516,0.627,-2.114
1793,2025-05-29,volatile,0,0.2144,1.893,-0.793
1794,2024-04-08,bull,1,0.5237,3.234,2.199
1795,2025-08-10,bull,0,0.6192,2.012,2.258
1796,2024-07-06,bear,0,0.0781,2.352,-2.641
1797,2024-12-16,bear,0,0.2016,1.583,-2.395
1798,2025-05-07,bull,1,0.5028,1.325,1.885
1799,2024-04-13,bull,0,0.5501,-0.026,1.964
1800,2025-09-24,bull,1,0.4719,6.005,2.543
1801,2024-10-01,bull,0,0.6585,1.136,2.942
1802,2025-04-21,bear,0,0.1936,0.881,-1.807
1803,2024-11-30,bear,0,0.1138,-0.756,-2.702
1804,2024-12-05,bear,0,0.0816,0.395,-2.604
1805,2025-01-07,bull,1,0.5559,4.601,2.872
1806,2024-03-17,bull,0,0.2526,0.387,1.303
1807,2024-07-19,bear,0,0.1574,-0.11,-1.451
1808,2025-12-12,bear,0,0.0895,-0.029,-3.365
1809,2024-05-17,bear,0,0.0766,2.229,-2.911
1810,2025-04-07,volatile,0,0.1419,1.526,-0.346
1811,2024-06-02,bear,1,0.2052,1.052,-0.547
1812,2025-05-13,bull,0,0.6884,1.421,3.471
1813,2025-08-11,bull,1,0.6287,1.498,2.612
1814,2025-03-13,bear,0,0.1527,1.029,-2.004
1815,2025-11-30,bull,1,0.4265,3.395,1.392
1816,2024-09-18,bull,0,0.4468,0.214,2.673
1817,2025-05-29,volatile,0,0.3212,1.983,-0.66
1818,2024-09-28,bull,0,0.3229,1.317,2.136
1819,2025-04-17,bear,0,0.0783,1.846,-2.021
1820,2024-03-27,bull,0,0.6582,0.621,2.077
1821,2024-09-21,bull,1,0.7891,5.628,3.624
1822,2025-10-06,bull,0,0.2733,-1.805,1.163
1823,2025-12-05,bull,0,0.6081,0.648,2.172
1824,2024-09-24,bull,1,0.4732,3.038,1.468
1825,2024-09-12,bull,0,0.4792,0.994,2.154
1826,2024-10-17,volatile,0,0.1644,2.246,-0.038
1827,2024-09-30,bull,1,0.1825,1.91,1.667
1828,2026-06-10,bull,0,0.522,-0.216,3.033
1829,2025-08-18,bull,1,0.649,0.488,2.378
1830,2024-12-31,volatile,0,0.2938,0.106,-0.557
1831,2025-03-07,bear,1,0.0833,-1.185,-2.497
1832,2025-04-18,bear,0,0.0744,1.717,-2.313
1833,2025-05-25,volatile,0,0.1745,-1.591,-0.923
1834,2025-01-01,volatile,0,0.2359,2.332,-0.355
1835,2026-05-24,volatile,1,0.2171,-1.641,-0.734
1836,2024-10-10,bear,0,0.05,0.345,-2.272
1837,2025-02-05,bear,1,0.5573,-0.978,-0.863
1838,2024-02-07,bull,1,0.7085,3.564,2.314
1839,2025-04-02,volatile,0,0.1709,0.684,-0.842
1840,2026-02-10,volatile,0,0.1681,1.612,-0.566
1841,2026-06-13,bull,0,0.4915,3.251,1.729
1842,2025-03-17,bear,0,0.1158,1.14,-2.148
1843,2024-06-01,bear,0,0.103,-0.313,-2.331
1844,2025-10-16,bear,0,0.0881,1.153,-3.352
1845,2025-08-09,bull,0,0.609,3.539,2.669
1846,2026-05-11,volatile,0,0.1935,1.512,-1.119
1847,2025-04-13,bear,1,0.1214,-0.092,-2.061
1848,2024-02-04,volatile,0,0.1867,-1.873,-0.588
1849,2026-03-22,bear,0,0.3262,1.395,-1.302
1850,2025-09-07,bull,1,0.584,2.0,1.878
1851,2025-12-25,bear,0,0.05,-0.656,-3.124
1852,2024-05-14,bear,0,0.05,0.397,-3.383
1853,2025-03-03,bull,1,0.6485,4.013,3.185
1854,2025-03-04,bull,0,0.6715,-0.212,3.625
1855,2024-09-20,bull,0,0.3874,0.803,2.031
1856,2026-02-03,volatile,0,0.5118,0.445,0.048
1857,2024-07-13,bear,1,0.1612,-0.525,-2.243
1858,2024-04-03,bull,0,0.3345,0.911,2.624
1859,2024-08-22,bull,1,0.4827,4.08,2.951
1860,2026-06-07,bull,1,0.5971,5.238,3.159
1861,2024-05-10,bear,0,0.1886,1.503,-1.518
1862,2025-06-18,bull,0,0.6448,0.611,2.412
1863,2024-07-09,bear,0,0.1046,-2.622,-2.169
1864,2025-01-08,volatile,0,0.2078,1.334,-0.628
1865,2025-05-24,volatile,0,0.3243,-0.596,0.843
1866,2024-02-18,bull,1,0.5366,3.218,2.741
1867,2024-08-28,volatile,0,0.2425,1.208,0.038
1868,2025-06-23,bull,1,0.5861,5.783,3.139
1869,2024-02-14,bull,1,0.6124,6.348,2.97
1870,2025-04-05,volatile,0,0.2393,-0.797,-0.597
1871,2025-07-08,volatile,0,0.4029,-1.309,-0.237
1872,2024-08-06,volatile,0,0.2526,1.141,-0.83
1873,2024-06-21,bear,0,0.2321,0.977,-1.954
1874,2025-04-01,volatile,1,0.2023,-2.539,-1.248
1875,2025-10-15,bear,0,0.1675,0.602,-1.634
1876,2024-02-13,bull,1,0.611,3.851,2.369
1877,2024-11-20,bear,0,0.0782,-1.285,-2.248
1878,2026-06-15,bull,1,0.654,3.417,4.094
1879,2024-11-18,bear,0,0.05,-0.533,-2.811
1880,2024-11-15,bear,0,0.2627,0.365,-1.465
1881,2025-11-01,bear,0,0.0693,1.546,-2.004
1882,2025-03-23,volatile,0,0.2173,0.11,-0.189
1883,2025-01-05,bull,1,0.7689,4.623,3.725
1884,2025-12-11,bear,0,0.05,3.862,-2.681
1885,2024-02-28,bull,0,0.5543,-0.916,2.317
1886,2025-10-10,volatile,1,0.195,-0.845,-0.439
1887,2024-12-27,volatile,0,0.1532,1.508,-1.346
1888,2026-03-11,volatile,1,0.2207,2.454,0.308
1889,2025-10-21,bull,1,0.6357,3.704,2.547
1890,2026-04-26,volatile,1,0.3653,3.595,0.244
1891,2024-05-23,bear,0,0.05,0.924,-2.347
1892,2024-07-14,bear,0,0.0781,-2.555,-2.459
1893,2026-03-24,volatile,0,0.1815,0.691,-0.131
1894,2025-01-04,bull,0,0.3249,-0.421,1.672
1895,2026-01-07,bear,0,0.2218,2.815,-1.163
1896,2025-09-18,bear,0,0.05,1.882,-3.479
1897,2025-04-09,volatile,0,0.0883,-1.921,-1.127
1898,2024-03-11,bull,1,0.7028,5.551,2.896
1899,2024-04-05,bull,1,0.4506,4.092,2.153
1900,2025-10-14,volatile,0,0.1357,-0.05,-1.966
1901,2024-04-26,bull,1,0.8214,4.321,3.644
1902,2024-02-06,volatile,0,0.1779,2.561,-0.906
1903,2024-08-09,volatile,0,0.0947,-2.402,-0.928
1904,2026-04-02,bear,0,0.0764,1.231,-2.07
1905,2025-07-27,bull,0,0.715,2.3,3.049
1906,2025-10-15,bear,0,0.1026,0.499,-1.395
1907,2025-08-19,bull,0,0.4693,1.47,2.504
1908,2025-06-05,bull,1,0.3869,2.886,2.177
1909,2024-09-10,bull,1,0.5169,1.794,2.405
1910,2025-02-06,bear,0,0.2615,-0.551,-1.485
1911,2025-05-18,volatile,0,0.166,1.527,-0.995
1912,2026-06-05,bull,0,0.6663,-0.164,3.861
1913,2026-03-20,bear,1,0.1094,-3.8,-2.022
1914,2025-10-31,bull,0,0.7227,0.774,1.801
1915,2026-01-05,bear,0,0.1827,-0.301,-2.565
1916,2025-12-31,bear,0,0.0717,-1.353,-2.634
1917,2025-09-01,bull,1,0.297,2.532,1.919
1918,2026-01-15,bear,0,0.0874,1.639,-3.249
1919,2024-04-05,bull,1,0.6535,2.822,2.242
1920,2024-02-20,bull,1,0.3578,0.577,1.687
1921,2025-02-20,bear,0,0.219,1.383,-1.077
1922,2024-03-20,bull,0,0.3462,2.06,2.133
1923,2024-11-21,bear,0,0.0871,3.82,-2.779
1924,2024-07-22,bear,0,0.05,2.707,-2.856
1925,2026-05-10,volatile,1,0.2323,-0.554,0.277
1926,2025-08-21,bull,0,0.5775,1.897,2.829
1927,2024-03-09,bull,1,0.5149,3.337,2.375
1928,2025-07-25,bear,0,0.05,-1.293,-2.689
1929,2025-10-27,bull,1,0.3654,2.606,1.706
1930,2024-11-09,volatile,1,0.1228,2.368,-0.96
1931,2026-03-06,volatile,0,0.3438,2.497,0.578
1932,2026-05-23,volatile,0,0.2754,-0.887,-0.662
1933,2026-05-30,bull,1,0.5087,2.097,1.571
1934,2024-04-22,bull,0,0.456,1.273,2.779
1935,2025-02-24,bear,1,0.1484,-4.324,-2.23
1936,2025-12-04,bull,1,0.3608,-0.462,1.581
1937,2025-02-19,bear,0,0.2885,0.864,-2.201
1938,2025-03-23,volatile,1,0.2816,0.188,-0.618
1939,2024-11-12,volatile,0,0.4318,-1.97,0.417
1940,2025-01-29,bear,1,0.1876,-0.051,-1.345
1941,2025-09-24,bull,1,0.738,5.616,3.266
1942,2024-02-24,bull,0,0.6694,0.328,2.863
1943,2025-12-24,bear,0,0.1534,0.636,-1.902
1944,2025-10-23,bull,0,0.5064,1.507,3.41
1945,2024-05-31,bear,0,0.119,1.207,-2.354
1946,2025-11-30,bull,1,0.5512,1.399,3.151
1947,2025-04-28,bull,0,0.5891,-0.729,2.857
1948,2024-11-03,volatile,0,0.3602,0.008,0.139
1949,2025-03-01,bear,0,0.0882,-0.692,-2.031
1950,2025-04-24,bull,0,0.6519,2.965,3.805
1951,2024-08-02,bear,0,0.0575,1.387,-3.121
1952,2025-07-10,bear,1,0.4432,-1.786,-0.884
1953,2025-07-30,bull,1,0.5315,2.28,2.031
1954,2024-12-16,bear,0,0.05,2.139,-2.837
1955,2025-03-06,bull,0,0.3061,-0.466,2.015
1956,2025-07-18,bear,0,0.0572,1.7,-2.808
1957,2025-04-12,bear,1,0.0958,1.653,-1.077
1958,2025-02-11,bear,0,0.0671,2.307,-2.747
1959,2026-05-09,volatile,0,0.2474,0.858,-1.01
1960,2026-03-02,volatile,1,0.2999,2.691,0.129
1961,2024-12-26,volatile,0,0.295,-0.275,-0.8
1962,2025-10-15,bear,1,0.1301,2.201,-2.089
1963,2026-01-02,bear,0,0.1021,0.821,-2.827
1964,2024-05-07,bull,1,0.5903,4.977,2.706
1965,2025-06-27,volatile,1,0.4427,1.142,0.891
1966,2025-12-24,bear,0,0.167,1.416,-1.551
1967,2024-03-22,bull,1,0.51,3.497,2.117
1968,2024-11-19,bear,0,0.1257,-0.863,-2.884
1969,2025-12-23,bear,0,0.0925,-0.858,-1.931
1970,2026-04-21,volatile,1,0.3894,-0.06,-0.336
1971,2026-06-09,bull,1,0.4189,4.142,1.942
1972,2025-07-07,volatile,0,0.3184,-2.108,-0.183
1973,2024-03-09,bull,1,0.3861,1.834,1.887
1974,2024-02-25,bull,0,0.3984,2.456,1.743
1975,2026-01-03,bear,0,0.2841,-1.225,-2.028
1976,2025-10-29,bull,0,0.3595,2.353,1.932
1977,2024-07-18,bear,0,0.139,-1.037,-1.618
1978,2024-05-25,bear,0,0.0941,-0.785,-2.177
1979,2024-06-07,bear,0,0.05,0.184,-3.369
1980,2026-03-01,volatile,0,0.2117,3.392,-0.479
1981,2025-11-24,bull,0,0.2144,-0.541,1.757
1982,2026-05-02,bear,0,0.1486,-1.943,-1.518
1983,2024-05-10,bear,0,0.1291,-1.547,-2.221
1984,2025-09-25,bull,1,0.827,5.873,3.703
1985,2026-04-10,bull,0,0.6771,-1.338,3.539
1986,2025-05-07,bull,1,0.4034,4.284,2.017
1987,2025-12-02,bull,0,0.2644,0.495,1.378
1988,2025-07-06,volatile,0,0.1309,0.458,-0.758
1989,2024-02-08,bull,1,0.2858,2.649,1.733
1990,2025-02-06,bear,0,0.1571,-0.429,-0.835
1991,2024-09-15,bull,1,0.4953,3.142,2.353
1992,2024-04-14,bull,1,0.7629,1.5,2.605
1993,2025-07-01,volatile,0,0.175,2.571,-0.577
1994,2026-04-15,volatile,0,0.1678,-0.987,-0.516
1995,2024-03-19,bull,1,0.5287,3.627,2.384
1996,2024-11-12,volatile,1,0.4412,-0.394,0.471
1997,2025-09-03,bull,0,0.4919,-0.18,2.464
1998,2024-10-29,volatile,0,0.1521,-0.091,-1.661
1999,2024-05-12,bear,1,0.2242,3.966,-1.249
2000,2024-07-16,bear,0,0.1183,0.538,-2.642
