user_id,age,risk_tolerance,portfolio_value,tenure_months,current_equity_allocation_pct
1,47,7.4,23028.32,42,56.4
2,73,5.2,2144.14,1,50.4
3,25,7.1,68487.03,3,61.8
4,28,5.2,40175.5,76,41.7
5,40,6.4,40131.85,76,56.1
6,46,2.5,24274.35,39,23.9
7,69,1.0,20430.46,10,14.1
8,48,6.3,25094.89,92,40.8
9,45,6.4,57708.56,18,54.6
10,30,6.5,68810.92,23,62.7
11,45,4.5,28824.14,54,42.0
12,50,8.5,93801.63,86,78.2
13,52,4.6,33557.84,119,46.8
14,54,6.3,21933.57,75,53.6
15,44,6.7,44285.63,115,51.9
16,30,8.9,9326.49,78,68.4
17,30,4.9,45831.11,101,32.5
18,30,4.2,7768.39,21,37.3
19,54,2.5,12994.39,7,28.7
20,67,8.6,4823.76,80,83.9
21,68,6.3,30481.74,117,58.3
22,38,6.4,181613.07,88,47.9
23,26,10.0,32303.26,41,68.5
24,55,6.2,69119.03,59,51.7
25,24,2.9,381670.86,14,36.8
26,55,5.1,54396.54,41,43.9
27,42,3.6,16895.25,82,39.5
28,66,4.7,19388.42,20,41.5
29,55,4.7,36339.41,58,48.6
30,61,4.3,19285.43,35,27.3
31,43,2.7,20783.47,59,41.7
32,66,8.7,97270.78,91,62.0
33,49,6.1,101331.87,106,59.0
34,55,5.0,6996.1,49,42.8
35,41,7.0,16023.8,99,58.1
36,45,6.4,22833.76,84,52.9
37,66,6.1,66110.9,110,54.7
38,42,6.9,113899.94,89,62.0
39,23,5.8,541429.39,66,59.1
40,42,6.8,22795.69,81,68.9
41,42,7.0,23963.12,38,61.7
42,44,5.8,65419.13,81,64.3
43,25,5.1,18357.31,85,46.4
44,28,8.6,31540.83,73,78.8
45,39,4.5,23979.68,13,44.9
46,44,6.3,2639.5,62,49.7
47,23,6.3,41078.22,85,55.5
48,42,4.3,30261.73,24,44.1
49,38,3.9,129473.44,94,37.0
50,23,4.8,36515.44,101,46.9
51,35,4.5,10355.29,65,48.4
52,36,2.6,28054.41,115,28.0
53,29,4.2,4486.9,103,15.8
54,61,6.0,10819.25,56,65.4
55,25,8.0,68562.84,106,63.6
56,52,6.6,28357.86,112,49.6
57,57,1.0,91354.99,13,8.0
58,64,6.8,5080.21,119,54.9
59,50,4.4,28496.56,1,36.3
60,50,6.4,22572.5,58,48.9
61,62,5.5,94452.14,112,43.0
62,67,5.1,71165.45,87,49.9
63,33,5.3,69026.94,32,63.3
64,64,5.5,169635.97,77,55.1
65,46,8.2,25132.39,26,76.4
66,27,5.5,138009.92,29,45.5
67,54,7.7,12782.01,109,64.7
68,73,7.4,12321.76,6,65.2
69,29,6.8,77091.37,115,52.3
70,22,1.9,8064.76,54,19.9
71,70,7.7,64393.35,8,70.7
72,53,4.6,40187.58,94,50.9
73,33,6.9,106069.81,6,58.8
74,64,3.6,34219.67,39,25.6
75,42,3.1,38409.07,29,29.3
76,39,9.5,60431.45,94,65.0
77,37,3.6,18720.05,48,35.8
78,53,7.8,17922.17,78,66.6
79,29,5.7,58362.54,9,47.7
80,41,4.7,35267.33,83,44.8
81,38,5.4,24165.62,85,51.1
82,25,2.9,33430.23,35,32.4
83,62,5.5,178895.93,105,38.9
84,22,3.3,23318.02,56,31.1
85,72,4.7,22651.48,80,46.2
86,27,7.4,6585.04,22,74.4
87,40,6.0,34809.55,112,49.8
88,27,2.5,70044.32,30,31.9
89,41,7.2,83800.82,75,67.4
90,54,5.5,40466.01,11,46.9
91,26,4.4,94450.73,6,50.0
92,49,7.0,75450.37,16,68.6
93,62,5.2,110519.83,113,57.4
94,46,3.2,97178.29,26,36.1
95,27,9.2,174552.04,105,93.3
96,58,5.5,30647.51,70,43.6
97,31,5.3,9632.92,11,64.1
98,22,4.7,70524.73,53,49.0
99,45,7.9,79265.1,58,76.0
100,36,4.5,174555.04,32,38.9
101,23,2.4,130782.43,72,33.6
102,63,4.1,254097.28,103,50.1
103,53,8.2,67498.05,106,58.7
104,70,7.2,45652.36,63,59.1
105,47,5.0,9090.79,107,27.9
106,45,8.2,49419.31,110,66.0
107,66,7.0,20899.84,11,52.5
108,26,5.0,44869.34,76,43.3
109,41,5.2,38350.13,93,69.8
110,64,6.2,58205.41,2,67.1
111,37,3.8,32947.45,72,25.1
112,68,5.5,92505.2,109,52.9
113,37,6.1,2384.74,32,59.1
114,43,2.1,43914.22,103,22.0
115,69,5.1,120872.29,112,47.1
116,34,4.9,235637.18,76,46.5
117,73,7.6,75505.54,75,52.4
118,24,1.8,195806.66,64,14.3
119,36,4.7,42999.17,49,44.3
120,53,4.5,36419.61,54,42.3
121,53,7.4,61661.54,63,56.1
122,70,5.4,36199.69,58,41.4
123,72,9.1,16608.05,99,73.0
124,57,6.8,21693.32,92,64.7
125,56,4.7,11942.36,42,42.3
126,38,6.0,61597.53,62,65.0
127,64,4.8,36731.57,26,38.0
128,56,7.2,25329.22,21,61.9
129,23,2.8,20605.56,44,26.8
130,66,3.9,60177.65,7,42.0
131,41,6.4,79256.78,102,48.5
132,47,8.0,11725.09,16,81.4
133,47,1.1,10019.77,39,5.0
134,65,8.2,94325.79,30,81.1
135,36,5.2,9180.77,25,47.1
136,42,1.7,62785.96,44,26.3
137,24,1.0,182939.21,86,27.7
138,40,2.4,183365.15,107,33.7
139,26,5.5,75953.2,23,42.7
140,52,5.4,73777.53,29,52.6
141,69,6.8,345209.74,56,72.5
142,46,4.4,3517.85,39,33.7
143,70,3.3,22826.2,96,50.0
144,73,4.7,84837.41,27,46.0
145,24,5.6,25918.52,48,45.7
146,49,6.0,125464.52,65,44.9
147,49,3.9,34914.1,46,35.5
148,42,7.3,41429.31,74,45.5
149,66,4.3,27593.22,96,36.8
150,42,3.8,21536.17,64,34.5
151,24,4.4,21012.86,55,32.2
152,51,7.6,47627.53,114,69.2
153,32,5.2,16737.97,117,44.6
154,40,4.1,94202.77,119,33.6
155,48,7.4,69788.6,2,59.2
156,60,9.8,109034.15,100,81.4
157,36,5.9,11743.74,107,51.9
158,42,8.0,6637.72,96,60.4
159,25,7.6,36163.81,90,64.2
160,42,4.3,659212.1,44,39.7
161,52,5.6,128824.82,87,40.1
162,54,2.9,20859.27,69,28.0
163,37,5.1,55520.75,99,50.3
164,25,4.2,75175.97,42,44.0
165,52,4.7,9242.91,89,41.1
166,56,4.0,142860.78,94,43.4
167,26,4.9,30717.13,100,36.5
168,48,6.6,33167.28,21,48.6
169,27,5.3,37189.61,103,45.1
170,46,1.8,114066.87,26,34.6
171,55,4.0,17065.56,112,39.3
172,60,2.5,6588.16,5,25.3
173,59,6.0,50159.1,27,64.4
174,62,6.5,4704.82,73,53.2
175,34,6.0,26873.51,65,69.9
176,66,3.9,118999.47,82,33.2
177,40,6.0,64802.14,49,43.9
178,41,4.6,102986.8,1,40.9
179,63,3.2,67531.63,74,30.4
180,39,7.0,404470.66,61,52.5
181,25,7.1,20166.14,61,80.5
182,59,7.4,54075.24,45,64.3
183,57,4.3,23432.51,106,43.8
184,52,7.9,94542.17,95,61.6
185,29,4.5,34146.83,22,36.9
186,55,6.8,202570.83,5,65.8
187,32,4.5,21358.05,22,28.1
188,51,5.1,148319.87,6,36.6
189,48,1.0,65718.75,85,15.0
190,62,4.9,35155.59,74,55.1
191,73,5.7,62470.04,56,46.9
192,32,4.7,47158.26,71,46.2
193,28,9.0,51841.94,97,73.2
194,51,3.2,29529.02,99,42.8
195,72,4.4,18005.12,52,28.1
196,30,3.7,25976.01,71,41.8
197,47,4.4,6747.01,69,39.2
198,43,7.6,84284.08,113,70.6
199,38,8.5,10560.08,91,62.9
200,57,4.1,29212.53,38,38.9
201,37,4.1,69427.97,106,37.9
202,48,3.2,84069.3,48,24.4
203,66,8.1,6157.02,91,56.5
204,42,7.7,33128.59,117,59.3
205,23,5.3,57511.76,97,48.1
206,68,2.7,38254.49,13,22.8
207,36,2.9,139256.8,25,27.7
208,62,5.8,15965.62,95,35.5
209,62,6.6,4679.56,15,53.2
210,49,1.4,81660.53,2,28.0
211,26,4.9,21224.55,31,49.9
212,72,8.7,6257.02,58,70.2
213,58,5.1,30992.1,16,47.6
214,44,8.5,124313.01,19,62.9
215,67,6.8,10267.59,41,70.6
216,63,3.3,375493.32,72,49.6
217,62,4.9,15711.03,65,45.6
218,30,5.2,39616.89,95,67.1
219,55,3.6,10730.74,117,29.8
220,37,3.6,37858.48,4,25.2
221,26,8.5,31769.19,82,63.8
222,39,3.5,8188.66,20,32.7
223,27,7.7,612820.27,43,82.4
224,27,4.6,22129.41,41,40.0
225,60,5.4,22148.77,84,40.9
226,48,6.6,95705.96,31,49.0
227,43,4.3,222850.16,107,49.2
228,32,6.6,112020.47,46,64.2
229,62,1.4,10925.12,97,15.9
230,55,6.4,44977.11,114,39.8
231,53,1.0,5533.79,61,8.0
232,32,5.0,89474.15,13,58.8
233,28,7.2,7078.46,84,65.9
234,28,6.7,16265.45,51,57.4
235,23,2.9,36199.42,41,45.3
236,73,3.2,56670.36,55,48.1
237,41,4.1,27974.97,36,38.4
238,56,5.9,165890.58,34,51.2
239,74,1.4,74849.86,118,15.1
240,71,5.5,69197.83,34,46.2
241,38,6.1,10621.11,55,40.8
242,47,4.9,198663.54,86,32.4
243,46,6.6,16267.67,27,42.4
244,23,5.9,206394.04,74,60.0
245,62,4.4,274359.63,107,28.3
246,52,1.6,60636.76,97,36.8
247,41,5.8,101927.1,4,44.8
248,51,3.6,1664.17,49,49.1
249,60,4.3,29881.58,1,37.2
250,22,6.5,109334.32,73,43.0
251,56,8.3,91538.07,39,78.4
252,67,5.4,10724.4,107,59.0
253,60,6.6,27072.61,21,49.0
254,54,2.6,2874.5,102,25.5
255,26,6.0,54884.86,41,44.8
256,61,5.4,5522.97,110,46.8
257,61,8.0,112474.05,24,66.9
258,48,4.4,118506.71,33,38.0
259,52,5.0,22598.37,42,30.4
260,54,7.6,61161.67,118,58.6
261,28,5.3,29228.55,88,52.7
262,35,3.3,46254.24,98,31.4
263,63,10.0,11530.38,66,77.4
264,73,3.3,67676.39,95,25.7
265,36,5.4,7036.14,75,42.9
266,43,6.2,5825.91,80,64.7
267,70,6.0,32146.91,100,42.9
268,30,5.1,29400.2,118,51.5
269,35,5.1,47681.64,69,46.1
270,24,5.0,18967.69,53,47.0
271,34,3.3,239352.27,78,27.2
272,55,9.8,42642.43,89,75.8
273,40,5.1,45838.6,118,45.7
274,74,6.7,44233.33,84,52.7
275,69,4.8,99003.44,114,46.3
276,69,4.8,64603.08,88,47.3
277,60,4.6,56501.24,114,59.6
278,59,2.4,75809.9,90,29.0
279,49,5.2,5856.96,106,31.1
280,74,4.7,6082.39,23,52.2
281,27,7.8,33655.82,119,63.0
282,60,3.1,29801.86,42,47.8
283,29,4.3,64848.55,95,51.9
284,39,3.7,37049.75,47,31.9
285,35,8.4,64981.96,55,74.6
286,53,3.8,10450.5,90,31.8
287,63,6.6,35927.4,65,56.2
288,26,7.4,9499.01,86,67.2
289,53,5.2,53469.03,10,55.3
290,33,2.7,5550.9,100,36.1
291,26,2.8,51447.14,49,30.2
292,44,7.2,8358.22,94,80.3
293,52,3.0,24747.31,34,28.1
294,32,6.3,88869.8,71,41.2
295,42,5.7,45587.1,71,38.6
296,72,6.3,7004.72,17,65.9
297,40,6.4,18538.52,57,54.2
298,74,3.6,8091.92,76,36.5
299,66,3.5,6669.11,100,30.2
300,41,6.9,40850.04,106,54.7
301,52,4.2,63595.52,46,33.1
302,59,1.0,56421.52,77,20.8
303,46,6.8,66345.21,21,56.8
304,43,3.4,35885.52,107,37.3
305,39,6.4,27628.68,104,57.5
306,29,8.3,12418.35,119,64.7
307,23,5.5,23386.64,58,36.8
308,39,7.5,9688.08,43,50.1
309,64,5.8,15597.01,91,74.8
310,34,8.7,39692.87,87,82.7
311,31,3.4,32279.7,26,44.5
312,39,5.5,778191.59,65,43.1
313,53,6.8,9454.11,77,57.7
314,33,5.1,32045.15,55,39.2
315,33,7.8,8745.27,45,54.1
316,27,4.6,24642.16,29,37.5
317,39,9.6,25665.6,49,87.8
318,33,9.7,84531.54,30,84.6
319,66,6.1,23163.51,36,44.9
320,70,6.6,29991.83,23,53.7
321,41,7.9,23616.05,45,71.3
322,26,3.1,8945.88,76,27.1
323,26,2.9,18918.54,45,30.9
324,39,8.0,24786.72,17,69.2
325,46,6.0,39097.97,96,55.1
326,50,5.0,63509.66,52,47.0
327,38,5.5,28721.56,70,43.3
328,40,1.0,28221.06,63,12.6
329,37,5.1,6497.59,61,36.6
330,49,4.0,62301.11,53,25.5
331,58,7.3,18107.87,90,60.2
332,24,7.5,76659.07,102,69.0
333,47,6.7,135461.12,108,45.9
334,56,6.3,30094.12,53,56.3
335,57,2.5,13051.9,41,33.8
336,51,6.7,35714.12,10,42.2
337,49,6.8,51467.3,53,55.4
338,58,8.0,26488.87,119,79.2
339,42,9.7,20660.14,31,82.3
340,52,2.1,63801.51,101,9.7
341,38,4.7,59729.32,91,48.2
342,45,4.0,25686.23,79,32.0
343,28,5.8,6946.09,68,56.1
344,40,5.5,57318.47,91,43.0
345,29,5.0,16859.55,12,44.6
346,34,7.6,44996.55,16,58.9
347,44,3.3,42241.45,24,33.1
348,48,3.4,5492.03,92,29.3
349,71,3.5,39382.69,52,32.7
350,23,4.8,60750.62,25,34.2
351,69,3.0,68675.82,6,34.9
352,39,5.4,40837.9,59,49.2
353,60,5.2,5028.18,48,33.5
354,57,3.9,130233.08,22,45.2
355,73,7.2,54776.84,3,59.0
356,27,5.4,10901.77,90,49.1
357,73,7.6,16518.51,93,69.3
358,25,5.1,45762.68,30,48.3
359,68,5.5,71666.89,59,57.8
360,56,4.4,22293.2,31,38.5
361,47,5.5,82911.2,49,56.8
362,43,6.9,6046.49,13,59.3
363,26,4.7,12804.36,113,47.0
364,64,6.5,4608.4,86,58.7
365,60,3.9,14803.14,108,47.2
366,71,7.0,164074.72,36,64.8
367,60,4.3,284304.82,104,36.6
368,72,7.2,45916.99,62,55.3
369,69,5.6,19178.99,24,48.8
370,44,8.5,29096.12,40,63.4
371,59,3.2,58298.98,97,24.0
372,36,2.5,7608.48,93,10.5
373,64,4.3,20486.08,86,27.7
374,54,2.7,152495.91,27,44.8
375,45,2.7,12762.8,78,23.6
376,55,6.7,17170.96,112,72.1
377,36,5.5,36797.81,6,51.7
378,54,4.5,48201.35,39,41.1
379,47,4.7,19438.21,10,30.9
380,39,4.3,39220.87,13,40.1
381,73,8.8,66698.62,119,86.7
382,25,4.0,258190.21,29,50.5
383,62,2.9,32008.46,22,32.5
384,33,7.1,34846.32,9,50.5
385,33,5.1,167284.69,117,38.0
386,30,9.6,20969.71,56,70.4
387,27,4.4,9659.02,95,51.0
388,28,7.2,46641.64,30,73.5
389,66,7.7,106529.27,77,65.5
390,71,4.5,52106.61,106,39.1
391,52,4.0,32957.84,80,50.4
392,22,7.0,8532.24,62,51.2
393,67,6.6,34256.47,26,56.6
394,53,2.7,124636.27,28,32.6
395,49,3.2,10571.14,72,25.5
396,72,1.0,28431.5,54,11.9
397,43,6.7,24649.58,6,51.2
398,41,5.0,18075.19,24,56.3
399,63,5.2,46533.28,52,61.7
400,49,2.1,56574.03,22,25.6
401,59,3.3,55984.32,66,31.0
402,58,4.5,13673.16,36,36.7
403,66,4.2,7002.46,35,39.4
404,38,5.7,47211.29,13,45.5
405,25,6.7,21896.48,60,56.1
406,47,10.0,228276.38,23,83.3
407,56,5.5,239069.53,76,45.3
408,65,7.7,265850.6,112,62.4
409,36,3.8,14184.27,109,35.1
410,61,2.2,64175.01,80,22.9
411,66,4.8,86764.47,97,40.1
412,64,2.3,77524.88,110,32.2
413,64,5.5,25478.8,82,34.3
414,74,3.9,130504.75,31,49.9
415,57,1.6,36332.76,60,22.3
416,41,9.0,41278.87,102,77.9
417,45,4.4,7802.24,80,46.6
418,61,2.2,69200.61,44,19.7
419,34,7.3,27989.6,21,53.8
420,53,4.0,57802.01,18,29.7
421,52,7.7,45941.02,45,61.9
422,57,4.0,43518.29,96,43.6
423,44,4.4,34692.76,66,36.1
424,61,6.2,79745.83,8,58.3
425,25,6.7,29765.56,110,38.0
426,61,7.0,8474.38,49,55.9
427,65,5.3,64148.48,47,56.4
428,68,6.6,16171.32,98,54.8
429,70,7.0,9659.9,45,52.4
430,40,5.9,13065.84,74,46.0
431,24,5.2,48210.51,110,22.2
432,56,2.6,32974.22,62,20.1
433,26,6.7,4304.07,74,65.4
434,36,5.6,24744.14,43,44.5
435,59,4.7,116918.36,106,39.2
436,53,8.1,23125.8,9,48.0
437,54,2.6,30777.02,33,15.2
438,61,8.8,103052.25,118,81.1
439,30,5.5,80457.89,58,53.4
440,63,6.1,100886.47,21,42.3
441,53,4.7,2269.8,50,37.9
442,44,2.2,205566.13,31,25.2
443,46,5.2,68624.19,63,36.8
444,48,6.2,425694.15,29,37.4
445,51,6.9,16608.57,48,57.0
446,39,5.1,6226.37,109,50.3
447,33,1.1,36578.59,10,22.4
448,30,2.4,27573.97,91,33.8
449,40,9.6,69819.18,10,64.8
450,35,3.3,106396.54,55,33.6
451,49,8.4,33279.8,80,66.7
452,70,3.6,28546.57,114,34.5
453,27,5.1,61250.04,30,44.0
454,38,6.8,28104.12,7,52.3
455,24,3.9,25848.76,90,13.2
456,73,8.7,102450.49,107,80.2
457,59,5.7,127999.02,68,52.5
458,34,6.4,107362.5,8,42.9
459,43,5.0,30692.4,60,48.8
460,60,6.8,4273.6,47,54.0
461,72,8.7,31313.17,54,67.5
462,52,5.2,17017.88,7,40.3
463,36,9.0,31897.25,38,77.3
464,58,4.3,18562.69,119,33.7
465,58,7.0,35570.08,6,50.2
466,56,6.5,12845.19,109,64.6
467,24,3.4,10089.82,62,32.4
468,59,5.9,123338.94,70,50.1
469,23,5.5,13771.31,112,54.0
470,69,3.8,36327.55,26,31.3
471,68,6.2,94326.25,118,49.7
472,51,5.8,90608.57,33,53.0
473,56,5.4,80406.33,42,35.5
474,25,5.4,49161.52,54,49.6
475,68,5.3,74907.05,72,41.1
476,36,4.8,143356.26,39,50.4
477,35,5.8,55549.1,95,55.0
478,59,4.2,5783.69,3,42.7
479,71,10.0,21406.86,80,67.1
480,48,2.7,72865.46,79,28.1
481,48,4.3,19397.59,64,30.7
482,51,4.5,183524.99,73,41.2
483,37,9.6,34092.07,89,58.7
484,53,2.9,39547.14,108,18.0
485,72,6.4,111831.01,26,64.3
486,42,6.0,30246.93,57,55.0
487,62,6.2,43315.99,67,50.6
488,63,8.0,89243.47,42,58.7
489,67,7.9,8330.92,116,56.6
490,60,4.6,27301.63,61,43.8
491,70,5.9,83212.54,71,48.6
492,59,1.8,38777.68,24,35.0
493,73,5.7,157524.11,50,48.4
494,59,3.9,7510.65,75,37.8
495,66,5.1,6700.91,51,34.6
496,69,2.1,78408.41,92,21.8
497,74,6.3,86319.19,17,55.5
498,53,2.1,29933.99,19,21.7
499,59,5.8,54197.74,41,46.7
500,73,3.0,76512.31,38,33.6
501,42,3.8,16092.95,98,48.7
502,28,7.8,17910.67,104,65.8
503,68,6.7,43902.48,57,66.1
504,55,7.8,89687.7,61,69.6
505,44,8.6,11316.79,36,78.9
506,59,4.0,29793.7,64,33.1
507,23,8.5,28446.02,85,67.8
508,47,2.6,55158.11,86,26.6
509,36,7.0,36000.99,116,63.4
510,37,4.5,21038.65,69,47.8
511,73,3.6,126571.9,41,36.2
512,51,6.7,21178.52,9,63.9
513,29,7.4,27116.66,82,57.3
514,41,7.3,7394.58,96,68.2
515,34,5.9,17789.69,66,59.4
516,70,5.8,60844.46,110,56.0
517,37,6.6,50041.2,38,57.3
518,40,6.1,66139.21,7,58.4
519,39,6.6,63005.81,76,49.0
520,31,5.9,292937.35,15,52.9
521,63,7.2,17191.0,11,62.8
522,52,2.2,7190.93,84,14.8
523,45,5.2,12701.14,52,50.2
524,42,2.7,17968.01,72,18.9
525,57,6.1,13707.15,89,49.3
526,27,8.8,39881.22,46,71.9
527,71,4.6,127090.52,73,36.4
528,51,5.8,169339.2,65,51.3
529,34,7.0,60132.67,70,59.5
530,50,1.4,309054.28,84,13.2
531,67,4.5,25428.53,46,46.0
532,31,6.2,7097.38,61,47.3
533,49,1.0,104107.37,71,35.3
534,53,3.5,5775.65,17,33.6
535,64,7.7,17068.62,26,54.5
536,52,7.5,61090.54,11,54.6
537,61,6.2,32781.46,24,62.6
538,63,7.3,30002.84,53,57.8
539,69,5.9,11150.17,112,40.4
540,41,6.6,35925.32,110,63.0
541,59,4.9,99077.98,91,41.0
542,35,5.7,37047.94,67,55.1
543,66,4.2,15831.77,25,46.9
544,72,8.0,10430.21,43,68.2
545,37,8.5,16161.8,92,88.7
546,51,8.3,53762.62,109,54.3
547,65,4.7,51205.5,115,36.4
548,23,3.6,16309.33,47,33.2
549,59,8.1,3980.81,58,84.8
550,65,6.6,55271.5,61,70.6
551,68,6.2,14798.67,7,63.7
552,32,4.2,72334.93,14,33.0
553,62,6.4,17049.74,6,49.4
554,63,3.3,13522.36,88,26.5
555,22,6.8,42326.64,27,51.3
556,59,8.3,383731.83,84,80.0
557,55,8.8,76805.38,45,69.6
558,73,6.9,41615.14,95,57.4
559,24,2.7,51992.33,14,35.1
560,73,5.9,6303.65,39,38.0
561,52,9.8,11821.32,25,79.0
562,36,3.8,2948.56,52,27.8
563,42,5.4,204817.35,67,45.4
564,62,8.3,167273.59,21,63.4
565,74,6.7,53788.69,80,51.8
566,38,10.0,41569.21,115,81.8
567,74,4.0,7695.65,6,39.8
568,55,3.5,29164.28,11,32.7
569,32,7.9,218030.86,114,68.3
570,53,3.1,41415.73,78,24.8
571,64,5.1,20647.58,110,51.2
572,24,5.4,6259.96,84,46.2
573,26,7.6,144394.69,86,59.3
574,22,6.7,33857.51,19,50.5
575,52,6.4,6268.34,61,52.9
576,25,4.7,14410.82,44,57.9
577,71,7.9,10121.95,100,64.8
578,28,10.0,31832.93,6,70.8
579,25,6.9,44682.58,3,65.7
580,35,5.7,21955.72,67,46.1
581,62,2.9,78987.63,116,32.6
582,70,4.2,39293.02,119,34.6
583,35,5.1,105062.68,71,55.9
584,49,4.4,25407.66,52,36.1
585,63,5.5,763238.31,33,59.7
586,64,9.1,20650.84,118,65.3
587,30,8.0,14715.7,22,63.7
588,66,5.2,13012.94,16,57.6
589,67,3.1,29409.1,61,33.0
590,60,8.2,6505.89,47,85.6
591,49,5.4,48754.99,60,45.6
592,42,2.0,5402.93,108,26.1
593,69,6.9,42687.91,33,73.5
594,67,7.6,9402.66,105,51.1
595,49,1.0,24802.67,26,5.0
596,61,3.9,66472.29,39,30.9
597,43,5.3,363682.93,1,53.6
598,61,7.0,12357.27,81,46.1
599,26,4.5,31247.12,103,46.3
600,69,3.8,17610.34,106,40.8
601,49,7.0,15216.41,20,75.1
602,53,4.6,17765.73,92,50.6
603,32,6.6,82790.32,17,59.1
604,50,3.3,22291.13,75,44.0
605,22,2.8,344315.17,84,33.9
606,69,7.0,55049.02,19,55.3
607,61,6.0,13226.65,14,42.8
608,46,7.3,25167.15,9,56.5
609,66,4.4,16287.5,85,40.5
610,65,3.9,80827.19,74,38.7
611,28,8.2,7053.08,15,50.3
612,24,2.5,9500.01,60,25.7
613,35,8.0,20099.57,95,66.2
614,22,8.1,71893.91,29,71.1
615,52,7.2,124624.47,73,73.4
616,49,4.1,144428.84,35,40.2
617,50,3.9,61685.34,32,30.0
618,25,5.1,33426.71,47,31.2
619,70,2.9,80388.45,42,35.8
620,73,3.6,11562.23,59,28.2
621,53,6.8,5740.74,25,64.5
622,22,6.8,56198.06,47,68.8
623,42,3.4,13284.08,75,21.4
624,60,6.9,34019.64,47,62.7
625,61,6.4,40930.35,79,65.1
626,34,8.5,46542.43,14,77.7
627,65,6.6,92761.92,17,39.4
628,73,7.6,83456.03,104,56.4
629,48,6.5,44134.63,55,45.3
630,42,7.5,23341.42,73,66.7
631,49,2.9,40447.58,89,33.6
632,23,5.3,20006.04,18,25.5
633,49,5.4,29838.99,116,45.4
634,23,5.0,497909.41,51,51.4
635,23,6.4,43572.86,106,56.0
636,51,6.8,56968.0,50,58.8
637,49,6.3,17935.18,49,51.2
638,74,5.1,100717.36,72,37.2
639,48,4.0,77673.73,23,37.9
640,73,7.7,78225.62,73,64.3
641,64,6.2,45021.31,118,58.3
642,39,3.5,102149.23,77,40.1
643,71,5.1,129532.25,9,46.4
644,47,2.0,48199.26,84,32.8
645,53,5.6,32382.96,4,46.2
646,27,5.1,88838.11,13,34.1
647,33,4.4,14704.0,34,44.6
648,49,8.7,17712.75,37,71.9
649,36,3.2,34430.55,1,36.4
650,53,6.9,6365.47,3,48.2
651,26,9.9,83082.99,94,93.6
652,35,7.7,13864.49,55,69.6
653,57,5.4,22663.45,24,45.5
654,54,3.2,29340.39,52,24.9
655,74,2.8,37770.62,83,38.2
656,69,4.7,25754.04,88,34.1
657,64,4.1,33949.48,35,56.8
658,22,4.1,34213.39,20,33.8
659,53,4.8,23224.64,115,57.4
660,34,5.3,16760.92,76,45.6
661,36,6.5,107095.25,117,68.1
662,33,3.0,4427.52,37,25.1
663,46,4.1,29563.18,14,38.9
664,28,5.2,22722.26,46,52.8
665,50,5.1,55204.04,40,51.0
666,30,9.2,8482.05,86,83.2
667,48,6.0,22031.19,86,48.1
668,55,2.3,32782.18,9,26.8
669,31,6.3,105881.27,70,64.1
670,27,6.6,50624.2,41,50.6
671,64,5.2,11120.12,74,51.0
672,61,3.1,22304.04,47,29.9
673,35,9.0,88084.46,64,74.6
674,69,3.4,10929.55,86,34.5
675,33,6.8,33568.91,35,51.3
676,71,5.9,35985.79,24,49.2
677,28,6.7,24691.56,85,58.1
678,56,8.9,538074.22,113,71.5
679,23,6.6,24035.05,53,68.8
680,32,4.4,56940.67,119,48.9
681,43,7.7,16876.86,23,66.2
682,26,4.2,61558.79,98,33.3
683,46,5.8,86750.16,118,44.0
684,34,2.9,20171.7,36,46.1
685,27,3.4,34382.33,18,25.7
686,72,5.6,14834.64,80,50.1
687,74,6.2,11563.35,104,56.3
688,73,2.1,102415.71,10,22.2
689,30,6.5,20868.56,77,47.5
690,42,3.9,3249.93,104,31.0
691,39,8.1,212215.2,4,62.3
692,39,4.8,16283.45,62,37.9
693,44,3.3,28385.31,10,43.7
694,49,5.7,187382.36,21,49.8
695,47,3.7,31516.23,58,31.7
696,37,8.0,30842.95,39,66.9
697,73,5.5,10634.16,11,53.8
698,73,5.2,7080.97,96,43.6
699,39,6.7,30749.03,25,64.1
700,33,3.5,52198.54,104,24.3
701,50,2.9,49292.41,22,39.7
702,41,6.3,22443.11,62,54.0
703,74,3.3,37058.68,87,32.7
704,44,3.3,5783.65,58,27.6
705,24,7.2,57536.05,50,50.6
706,28,6.6,42676.59,90,42.9
707,25,3.0,261361.79,2,24.9
708,42,4.3,36588.15,99,44.8
709,38,3.7,14148.03,83,28.2
710,67,9.1,34519.4,92,61.3
711,69,7.3,26165.58,51,53.8
712,29,4.7,56089.72,46,39.8
713,72,6.7,37305.35,69,54.1
714,52,2.8,10301.59,77,28.6
715,38,4.2,7074.53,111,47.7
716,43,5.7,47235.84,103,59.9
717,45,6.4,144800.84,7,70.8
718,31,5.3,39314.47,19,34.1
719,67,6.0,81903.53,113,45.2
720,22,5.7,99988.37,47,55.5
721,25,5.2,47419.64,70,42.8
722,36,4.9,16082.85,7,51.2
723,29,4.6,44148.23,13,43.9
724,25,6.0,121427.53,49,64.6
725,42,6.3,61690.83,86,62.4
726,41,5.9,76745.14,92,59.8
727,28,3.1,22867.08,107,28.4
728,64,3.5,29662.72,24,33.7
729,68,6.3,32249.98,25,51.7
730,60,8.4,34498.19,65,56.8
731,49,5.8,116769.63,66,62.4
732,72,4.7,3473.18,5,48.9
733,40,5.9,37441.62,54,48.5
734,44,3.2,33540.32,107,42.8
735,22,8.1,9214.18,20,61.7
736,59,5.9,71094.64,98,36.6
737,26,4.2,17597.28,54,47.5
738,57,5.2,25411.76,63,36.2
739,63,4.4,230678.88,77,39.2
740,33,8.1,99705.25,84,68.3
741,54,5.1,64504.29,76,48.8
742,38,5.8,53144.87,13,57.4
743,43,6.6,30801.54,36,60.8
744,50,4.0,268170.24,101,42.4
745,35,5.9,80997.02,5,45.0
746,64,6.0,17161.95,86,54.4
747,42,2.4,8954.38,62,14.8
748,46,6.0,64012.78,15,64.5
749,65,5.4,34342.22,15,36.6
750,34,5.8,8699.86,117,47.8
751,45,5.6,55747.41,4,38.6
752,74,6.0,27749.49,3,46.2
753,43,8.2,61738.62,2,67.5
754,28,3.1,56485.55,75,27.5
755,37,4.8,19766.34,111,52.8
756,72,6.8,68380.62,21,59.4
757,62,6.5,22072.66,95,51.8
758,64,6.4,23555.58,86,53.7
759,35,10.0,21326.99,28,89.8
760,66,6.7,112529.92,9,64.2
761,42,7.8,27430.96,59,55.5
762,64,4.9,143263.83,10,38.9
763,68,3.5,216097.48,14,38.3
764,33,4.9,17348.84,56,47.1
765,71,6.9,1956.68,98,49.9
766,55,6.3,103208.81,119,60.1
767,60,6.3,25797.38,75,47.0
768,62,5.1,15272.57,33,56.1
769,30,4.8,20156.5,40,47.8
770,61,5.1,23985.05,73,36.6
771,33,6.9,132878.85,21,54.1
772,36,7.2,42612.85,62,56.0
773,28,3.5,131084.66,92,35.8
774,31,7.0,59529.07,101,57.4
775,73,4.2,26655.99,8,30.2
776,39,6.4,24578.88,35,43.6
777,42,5.1,63678.91,31,50.1
778,47,8.6,82489.45,67,72.5
779,59,4.7,98399.67,23,43.7
780,52,5.9,27958.08,114,53.5
781,50,6.7,43269.61,110,51.9
782,66,3.8,65123.48,40,38.1
783,48,5.4,24736.5,49,68.1
784,62,5.0,11673.31,53,54.4
785,70,4.5,16215.6,6,39.2
786,57,4.6,28537.22,106,38.0
787,23,7.7,70418.21,93,41.0
788,35,4.3,127896.61,40,48.6
789,54,6.6,9357.68,66,62.5
790,47,6.1,19983.36,46,48.3
791,37,2.7,25390.68,28,17.4
792,39,6.5,80395.79,37,46.3
793,26,2.7,21415.91,13,32.5
794,34,6.8,23629.89,97,56.9
795,63,4.5,8848.54,78,47.0
796,22,5.5,58888.87,111,49.2
797,66,2.9,30902.76,1,38.0
798,39,5.7,18881.82,76,52.9
799,64,7.4,28014.76,67,68.4
800,35,3.9,112083.06,75,20.6
801,65,4.3,13294.6,118,30.2
802,52,6.4,15651.79,47,51.9
803,67,6.5,127039.39,17,64.1
804,25,1.0,39174.25,2,32.0
805,64,9.5,70951.66,59,75.2
806,36,6.6,54271.36,21,51.3
807,41,6.9,35054.72,17,42.7
808,24,5.2,25634.67,18,53.3
809,72,1.8,83412.88,33,18.2
810,55,6.8,116115.02,14,81.3
811,73,4.4,107386.35,58,34.9
812,52,6.6,11098.09,78,73.0
813,30,5.1,133908.37,35,51.7
814,39,6.0,25388.83,17,43.8
815,45,4.0,17068.17,69,39.9
816,29,7.2,30658.72,11,66.6
817,71,3.1,83377.06,88,29.9
818,72,10.0,62346.59,46,86.7
819,51,10.0,28130.61,49,86.5
820,52,8.8,83923.91,30,76.4
821,59,8.1,41766.95,34,66.6
822,57,5.3,20476.41,18,37.7
823,25,7.8,17889.42,67,64.0
824,50,5.3,54733.7,18,48.5
825,63,2.4,33439.14,81,11.8
826,64,8.5,9177.36,31,70.9
827,53,7.8,84724.62,68,63.8
828,69,5.4,22465.25,64,37.4
829,53,3.0,178459.98,76,28.3
830,42,4.3,8928.56,91,37.6
831,45,1.9,30311.77,67,38.7
832,58,7.4,18034.15,102,63.6
833,68,2.3,13692.14,31,34.4
834,34,6.1,22319.35,90,51.8
835,37,3.8,213324.04,41,21.6
836,56,2.6,41913.79,75,33.6
837,62,6.0,16453.47,59,46.7
838,43,4.8,5833.5,109,40.9
839,56,7.2,6494.02,33,52.0
840,22,3.0,21237.78,62,31.6
841,37,4.0,19270.14,20,46.5
842,72,1.0,29026.06,76,24.5
843,52,1.1,3743.65,5,30.4
844,68,9.1,33134.11,49,87.5
845,33,9.7,101491.44,2,61.5
846,37,5.7,184027.64,39,40.4
847,73,3.9,5461.91,58,22.8
848,74,4.9,16294.9,40,49.4
849,68,7.2,15456.21,46,54.9
850,38,4.5,42012.46,18,37.6
851,64,6.0,10723.87,86,50.3
852,46,5.5,195294.36,95,51.6
853,66,4.4,37930.94,55,28.9
854,67,4.4,32107.78,7,30.7
855,45,6.1,178566.03,8,52.7
856,38,3.5,35737.38,81,44.1
857,73,6.4,54192.8,111,54.6
858,45,4.6,17140.54,103,35.9
859,44,5.8,9223.39,49,33.4
860,57,8.3,19724.93,60,75.7
861,71,5.2,323506.94,20,40.5
862,28,7.3,68392.67,9,51.9
863,74,1.9,47788.24,92,9.6
864,44,4.6,13679.13,51,30.7
865,23,5.6,90332.34,60,41.5
866,38,9.3,9342.29,41,73.2
867,46,1.6,7577.54,38,11.5
868,57,5.3,20766.84,118,48.6
869,52,8.4,256399.21,98,66.8
870,29,3.9,242290.87,83,55.1
871,47,5.1,23127.16,47,32.1
872,34,6.2,18505.09,86,54.7
873,36,5.9,7041.93,41,52.7
874,59,8.6,39262.72,62,62.0
875,64,6.4,42702.5,18,55.6
876,30,8.2,79981.95,85,73.6
877,53,4.8,90283.28,8,44.4
878,44,4.0,29809.37,86,49.1
879,39,5.0,63324.52,72,27.6
880,59,3.2,18022.23,8,25.7
881,35,6.5,62133.62,61,67.3
882,62,4.7,21867.74,27,50.2
883,43,4.2,57495.3,57,43.7
884,27,6.5,53024.07,2,65.4
885,63,3.2,38902.1,86,17.1
886,67,7.0,80381.53,61,65.4
887,51,4.5,7552.25,44,50.0
888,60,7.8,12520.01,105,59.3
889,29,4.7,27720.86,77,63.9
890,39,6.8,8576.12,73,59.2
891,40,5.9,24176.48,18,33.8
892,62,7.0,24968.48,60,62.1
893,40,5.7,134549.01,84,44.1
894,60,2.2,41878.75,111,34.7
895,38,7.5,101664.11,72,66.9
896,53,5.3,49102.97,21,42.3
897,33,7.1,21254.69,81,71.7
898,51,6.9,41511.13,9,65.8
899,26,4.0,75314.38,38,31.4
900,60,3.7,119778.72,110,34.7
901,23,6.8,31814.9,96,61.7
902,74,4.9,6991.77,108,41.4
903,66,7.4,6517.18,42,59.1
904,52,5.1,26201.9,82,46.0
905,70,7.5,3505.54,84,54.0
906,64,6.3,218623.09,30,36.2
907,29,6.1,65968.54,113,54.6
908,61,4.8,19232.04,116,27.7
909,41,6.0,11972.32,14,44.1
910,67,7.9,101530.96,92,51.1
911,67,5.4,11924.65,54,34.6
912,72,6.6,13118.43,81,59.6
913,45,5.6,16882.86,66,47.4
914,32,5.7,40704.23,27,47.8
915,28,8.9,67561.76,12,61.8
916,30,7.9,119691.42,62,60.1
917,74,5.7,103256.48,100,52.9
918,53,5.9,36343.61,98,50.9
919,40,4.1,100762.54,33,45.3
920,45,5.2,18564.39,103,54.1
921,31,6.1,5878.95,43,50.7
922,52,7.2,18561.95,67,45.6
923,44,7.0,16215.77,39,52.9
924,64,3.3,19302.94,63,32.3
925,23,7.5,13913.64,63,56.3
926,71,5.3,22899.96,84,38.7
927,25,3.5,67509.07,57,35.1
928,44,8.2,201845.35,63,86.8
929,40,8.4,6468.2,78,64.9
930,60,6.0,10019.27,50,52.0
931,56,6.9,16457.78,63,47.8
932,32,7.0,78099.73,11,68.9
933,48,8.3,29585.88,104,75.1
934,50,7.0,17604.16,15,65.4
935,46,2.8,74364.43,104,40.5
936,23,9.5,94503.32,91,73.1
937,31,7.6,35640.58,113,60.8
938,48,4.5,16055.08,3,55.2
939,35,3.4,47585.32,26,38.9
940,50,6.5,28759.74,7,37.7
941,30,4.9,28537.86,50,47.9
942,60,6.2,21755.02,108,48.7
943,31,7.0,91581.38,92,66.2
944,56,4.4,46624.44,84,44.1
945,66,3.3,102303.68,101,19.2
946,40,6.3,138181.89,1,56.3
947,29,4.4,57467.84,94,42.5
948,22,5.8,21884.26,38,53.5
949,41,2.8,102777.96,83,34.2
950,28,5.0,57853.24,91,57.0
951,68,6.9,490591.84,82,61.6
952,73,6.7,49518.56,50,57.1
953,73,3.9,72961.56,73,46.5
954,70,3.2,48553.61,56,50.3
955,53,5.5,32889.26,75,55.8
956,39,6.6,28034.98,55,57.8
957,45,6.3,48739.44,47,57.6
958,35,4.5,61155.54,25,43.5
959,66,6.1,115195.72,47,52.8
960,45,8.5,49456.59,86,86.8
961,42,5.9,22859.24,104,45.3
962,58,2.2,26190.34,13,34.6
963,41,5.9,9672.7,22,50.3
964,40,9.6,191226.5,61,65.4
965,34,2.9,21137.97,84,28.8
966,25,5.6,95553.39,21,44.8
967,24,5.0,47884.68,39,49.6
968,43,5.7,49204.08,6,50.6
969,74,5.9,32291.27,7,43.1
970,35,7.8,16517.92,18,76.4
971,55,5.7,13786.77,87,58.6
972,39,8.1,204529.07,104,79.4
973,38,5.3,40699.09,60,49.0
974,30,4.8,111889.58,21,43.3
975,51,4.2,145060.61,110,45.0
976,56,1.9,24080.39,34,18.7
977,40,6.1,55464.91,19,53.7
978,49,9.6,37987.44,17,75.8
979,47,6.4,11416.17,43,43.1
980,36,6.9,30167.49,88,59.3
981,58,4.7,65349.6,48,39.4
982,51,5.0,22047.86,54,43.1
983,25,7.5,26243.06,41,65.4
984,48,9.5,30535.13,113,86.7
985,42,8.5,299997.47,82,62.7
986,64,7.1,5801.96,80,57.0
987,38,5.6,59972.61,53,43.1
988,72,5.9,28188.26,64,44.7
989,54,4.0,19136.35,106,33.2
990,28,2.6,27505.03,79,26.6
991,43,3.2,70783.15,97,37.1
992,68,5.6,74946.03,5,51.8
993,35,4.9,43739.95,103,35.8
994,59,2.6,108308.76,114,38.6
995,63,5.4,129163.33,80,55.4
996,58,4.9,82156.06,114,37.1
997,26,3.2,21032.15,68,42.2
998,41,4.8,59542.26,33,46.2
999,40,4.9,59826.3,73,43.0
1000,40,4.3,16064.52,75,43.0
1001,68,7.4,7559.51,18,61.6
1002,22,1.7,4804.1,25,26.3
1003,50,1.5,38943.05,35,22.0
1004,74,5.5,48924.8,66,45.8
1005,68,5.7,11139.12,18,33.7
1006,54,6.3,103366.1,92,58.3
1007,74,4.4,42286.29,14,37.8
1008,43,3.7,140007.69,112,42.1
1009,54,5.5,52603.39,81,52.4
1010,50,4.6,12502.28,41,39.4
1011,24,8.6,57427.65,45,78.4
1012,24,4.9,70976.97,83,45.9
1013,69,5.4,21002.07,11,49.1
1014,31,10.0,8586.16,86,78.9
1015,40,5.1,40146.72,66,59.2
1016,55,6.6,13348.45,27,50.5
1017,52,6.8,111400.56,107,55.0
1018,49,7.0,24168.93,75,49.1
1019,73,6.1,203740.24,20,58.5
1020,63,5.9,4340.92,78,46.6
1021,71,5.7,41555.93,49,46.1
1022,56,4.3,151659.42,91,36.0
1023,73,6.2,14908.63,59,53.9
1024,53,9.6,30970.77,119,67.2
1025,50,7.9,24269.22,111,47.4
1026,65,6.1,18328.86,5,56.4
1027,68,7.2,46379.96,49,43.5
1028,25,3.8,9942.55,25,43.4
1029,70,5.0,32501.17,54,57.5
1030,58,7.4,60839.48,18,60.5
1031,69,8.5,29287.21,64,79.9
1032,59,4.0,13357.0,19,37.8
1033,71,4.5,101740.97,75,54.3
1034,36,9.9,75376.96,55,75.7
1035,31,5.7,12820.66,119,31.0
1036,32,9.1,9955.62,105,73.1
1037,35,5.9,14017.69,72,65.0
1038,33,6.0,62647.13,54,56.3
1039,45,4.9,47837.87,86,40.2
1040,32,7.4,80024.07,80,64.4
1041,30,8.2,26208.78,17,75.2
1042,49,3.4,14404.07,45,33.1
1043,64,4.8,91021.09,119,64.6
1044,29,7.3,20880.09,39,57.0
1045,49,5.2,43763.18,2,54.4
1046,56,4.5,7708.47,100,47.6
1047,59,7.5,20541.23,112,56.9
1048,27,7.7,99647.71,79,60.5
1049,60,4.6,17742.63,76,50.3
1050,23,5.9,82002.4,42,52.5
1051,34,3.1,3529.74,43,34.4
1052,38,3.7,20756.37,109,22.8
1053,67,5.7,30596.64,103,55.1
1054,32,5.6,207428.15,60,51.5
1055,63,3.6,11281.7,38,34.7
1056,74,4.1,71039.64,23,41.6
1057,72,3.4,104498.9,2,30.5
1058,38,6.4,17650.34,58,50.1
1059,27,1.6,24996.12,66,19.3
1060,33,3.5,41840.87,81,30.8
1061,62,1.8,8254.51,96,40.0
1062,32,6.3,23037.92,44,61.4
1063,56,1.9,130106.94,20,15.6
1064,41,5.6,61246.06,101,65.5
1065,62,8.8,31046.73,91,68.1
1066,54,8.8,40662.94,64,71.8
1067,53,1.9,64919.63,5,30.5
1068,63,6.1,78622.26,56,36.9
1069,72,3.5,20818.26,74,32.6
1070,41,3.1,168505.04,103,27.1
1071,50,5.3,135448.69,61,48.7
1072,55,8.0,71486.05,56,69.0
1073,65,6.7,15631.45,46,56.3
1074,47,4.1,13092.25,50,37.7
1075,41,6.9,26196.9,2,66.8
1076,66,1.0,38590.64,13,19.4
1077,72,4.0,6195.06,90,38.3
1078,52,3.9,59557.24,44,38.5
1079,27,5.7,131592.1,102,64.6
1080,37,5.1,64632.6,48,47.1
1081,46,5.2,18470.81,119,42.3
1082,59,5.2,16409.19,22,31.1
1083,57,5.5,49013.56,23,37.0
1084,65,6.6,31153.95,70,52.5
1085,23,5.8,56559.09,96,49.7
1086,46,4.9,66285.16,18,39.9
1087,59,6.3,108216.65,60,56.9
1088,74,7.2,11706.23,27,55.9
1089,29,4.4,45325.22,88,33.5
1090,68,5.4,25248.57,67,52.7
1091,22,7.8,32904.51,78,75.6
1092,32,3.3,86198.57,33,24.2
1093,66,9.1,96098.2,35,75.6
1094,63,2.8,147037.61,77,14.4
1095,73,4.8,55580.64,42,31.8
1096,53,3.6,32532.12,83,30.5
1097,54,9.9,28201.25,19,88.4
1098,50,4.5,6407.63,36,35.3
1099,49,4.5,138653.74,13,35.0
1100,49,4.8,26320.45,11,43.9
1101,37,5.7,60228.27,32,50.2
1102,67,4.8,71610.47,59,37.3
1103,40,5.2,10453.42,18,62.3
1104,54,1.0,14424.07,12,14.9
1105,57,5.6,170590.27,105,50.1
1106,50,5.5,48554.18,62,45.3
1107,54,7.6,20321.09,86,66.7
1108,24,8.1,32005.18,87,76.6
1109,38,5.1,107606.56,13,59.0
1110,45,7.1,92439.95,74,53.6
1111,42,3.3,8382.64,103,41.9
1112,70,7.0,186145.49,54,63.4
1113,69,4.4,95429.98,103,48.6
1114,59,3.1,31179.77,113,31.0
1115,40,5.1,11028.94,66,44.2
1116,24,8.3,104193.88,13,75.6
1117,62,5.9,58479.26,74,58.9
1118,68,8.5,8452.37,105,82.0
1119,47,4.0,28793.99,69,39.6
1120,65,7.6,827507.08,96,62.3
1121,71,4.2,36919.74,64,19.7
1122,50,6.0,17292.52,50,39.1
1123,33,5.9,13246.7,113,48.1
1124,23,6.8,213650.97,19,48.8
1125,62,6.0,84775.3,54,58.5
1126,51,4.0,148366.24,19,27.5
1127,30,7.3,46545.48,78,57.1
1128,24,9.0,127264.04,110,69.3
1129,73,4.3,15547.88,119,49.7
1130,38,1.8,42727.2,28,17.7
1131,39,6.5,48390.24,87,59.1
1132,55,4.8,144704.2,105,45.2
1133,41,5.2,49953.26,100,53.6
1134,70,6.6,19428.34,60,63.0
1135,58,4.6,38718.54,21,41.9
1136,40,5.0,6792.58,55,31.4
1137,36,5.3,3565.4,93,45.2
1138,67,8.4,83394.81,74,68.6
1139,53,5.6,24965.65,47,51.5
1140,70,3.0,27961.47,26,25.1
1141,40,3.1,83361.9,78,40.8
1142,23,5.8,146827.01,51,50.7
1143,69,3.2,61975.1,57,25.0
1144,34,2.4,249714.32,112,23.1
1145,66,6.8,60035.37,2,73.0
1146,59,6.9,49129.43,29,63.6
1147,34,4.8,46184.01,110,52.0
1148,62,6.1,10041.73,110,44.4
1149,26,5.9,94466.32,36,45.8
1150,42,6.7,3148.04,119,51.4
1151,40,6.7,20206.25,26,58.4
1152,56,1.0,37157.85,7,15.6
1153,50,5.0,16485.52,37,41.1
1154,54,6.5,23115.16,64,52.6
1155,47,4.7,228519.21,1,36.5
1156,61,5.6,109537.68,21,47.8
1157,30,7.0,18291.14,95,67.9
1158,60,5.7,22707.11,74,37.8
1159,24,8.5,10127.36,73,72.3
1160,26,7.8,73496.55,118,75.6
1161,60,5.3,28289.83,28,45.6
1162,30,5.1,5082.37,107,41.5
1163,62,1.0,40166.3,43,24.4
1164,29,4.8,56329.79,111,35.7
1165,29,2.8,95143.44,94,29.4
1166,71,5.9,33746.95,26,43.0
1167,31,5.8,25017.45,25,35.6
1168,70,6.9,264676.78,65,57.1
1169,40,8.3,36555.47,60,58.0
1170,64,5.4,74575.09,28,47.7
1171,71,10.0,21172.54,31,88.9
1172,28,6.0,72396.24,108,66.8
1173,39,2.9,8470.72,90,31.0
1174,52,4.4,22878.03,23,49.0
1175,67,4.8,10847.89,87,46.8
1176,31,6.7,19831.5,19,53.8
1177,31,3.6,126813.15,53,19.8
1178,41,4.9,19686.22,2,57.3
1179,32,5.2,74477.78,78,38.0
1180,36,4.6,165589.18,22,53.3
1181,28,7.1,35327.7,29,64.0
1182,65,6.8,98102.4,23,49.8
1183,64,7.8,61764.62,22,67.1
1184,29,4.8,40799.98,10,60.7
1185,50,7.9,76904.19,66,77.6
1186,56,2.8,228647.8,104,25.5
1187,55,2.7,19201.26,36,23.2
1188,74,3.1,13916.06,93,32.5
1189,55,5.5,13122.52,65,47.2
1190,58,7.9,98167.25,31,74.9
1191,23,4.3,112349.25,8,46.0
1192,26,4.5,21225.6,94,28.0
1193,54,5.1,4289.76,3,49.4
1194,70,6.6,18494.77,51,54.8
1195,43,4.5,62809.03,5,41.8
1196,56,4.4,33971.49,93,42.8
1197,33,2.8,43492.67,118,39.2
1198,46,4.4,21518.23,39,48.6
1199,61,7.9,100116.43,38,59.3
1200,56,5.7,51184.49,68,49.4
1201,28,4.0,65281.47,60,34.4
1202,68,8.0,42576.84,46,52.5
1203,71,4.3,61351.09,44,39.2
1204,47,8.3,57444.34,23,82.9
1205,40,8.3,14356.03,30,54.4
1206,50,5.6,52736.5,70,49.0
1207,64,2.5,80138.22,88,27.1
1208,45,10.0,115282.56,90,82.3
1209,23,6.3,55056.06,62,46.4
1210,25,4.9,13832.13,90,32.9
1211,65,7.4,16133.98,71,50.8
1212,63,6.9,23502.26,43,68.9
1213,62,8.1,43890.97,43,58.8
1214,28,4.2,32137.02,62,35.4
1215,31,6.1,11804.88,37,69.5
1216,42,3.1,11734.4,91,25.8
1217,34,6.8,4453.65,23,60.3
1218,42,5.5,1604.43,7,57.0
1219,51,6.1,31831.71,59,60.8
1220,36,5.2,369619.87,9,35.7
1221,28,5.0,218989.6,23,39.3
1222,43,3.8,13653.74,45,39.0
1223,60,7.1,42188.51,1,75.1
1224,54,8.5,8395.24,27,63.4
1225,39,4.4,9778.0,65,36.9
1226,38,6.6,10965.7,45,59.6
1227,52,6.4,28984.06,107,59.8
1228,31,5.5,30258.74,12,53.9
1229,66,2.4,46756.19,86,20.0
1230,68,2.9,70489.31,71,26.0
1231,23,3.9,25929.05,77,39.0
1232,73,1.2,37654.28,80,28.5
1233,23,8.3,12163.41,7,66.2
1234,46,6.2,9466.39,95,53.2
1235,57,5.4,8111.42,40,39.6
1236,39,1.1,69511.52,78,32.6
1237,32,1.9,25902.43,35,24.5
1238,24,5.5,5590.81,48,57.1
1239,60,9.4,34095.17,84,76.0
1240,23,4.1,10416.84,112,39.4
1241,47,7.2,191066.88,105,48.4
1242,42,4.5,20356.96,87,24.3
1243,73,5.6,71790.4,65,59.2
1244,71,7.9,107900.31,63,65.9
1245,65,4.8,13975.65,115,45.3
1246,60,4.1,39184.91,25,28.7
1247,50,8.3,63162.62,114,60.9
1248,40,5.6,40763.66,78,57.7
1249,30,7.7,52109.41,74,77.8
1250,73,4.1,9608.18,71,33.7
1251,42,8.3,63198.52,97,73.5
1252,44,6.0,22333.34,82,53.5
1253,29,6.4,51505.88,12,53.8
1254,36,5.8,91125.13,93,65.4
1255,55,4.5,70884.6,87,37.9
1256,44,5.5,51468.22,109,58.4
1257,53,4.6,69018.39,112,45.3
1258,33,7.4,72287.83,113,61.7
1259,26,5.1,162024.23,6,56.7
1260,68,2.5,35099.75,75,29.8
1261,44,2.1,42785.61,112,23.9
1262,41,2.0,92232.4,115,35.0
1263,37,6.7,22239.21,66,66.9
1264,56,3.2,9554.17,109,42.0
1265,51,6.1,59470.17,105,21.6
1266,42,5.8,29554.06,1,54.1
1267,71,5.4,10855.99,106,49.5
1268,69,6.4,59906.6,76,54.5
1269,32,5.8,151923.6,69,55.5
1270,56,1.0,7117.11,22,19.1
1271,73,4.9,100944.38,110,49.7
1272,47,6.4,2872.48,36,52.7
1273,23,8.8,24336.03,50,83.6
1274,29,8.9,228779.95,36,78.5
1275,57,2.8,26151.87,116,33.9
1276,69,4.8,39733.04,58,47.5
1277,28,2.4,77875.46,14,36.1
1278,50,8.5,6525.85,2,77.7
1279,48,7.5,39030.35,117,61.6
1280,37,6.2,38723.93,29,61.3
1281,55,5.8,233823.3,92,52.0
1282,68,8.3,10553.99,4,83.4
1283,34,7.9,24796.57,107,74.1
1284,24,7.8,14351.99,78,59.6
1285,41,6.4,12907.81,27,73.4
1286,38,4.8,112128.71,106,26.8
1287,60,7.0,37296.38,36,64.1
1288,50,7.1,20835.9,119,54.1
1289,22,5.1,21636.87,72,60.8
1290,40,4.8,20676.91,54,45.6
1291,60,7.8,22611.11,7,58.2
1292,47,8.8,10255.35,31,69.5
1293,51,4.0,28036.72,7,32.3
1294,36,5.0,25356.57,102,42.6
1295,38,6.2,17021.0,12,50.8
1296,28,6.5,42406.05,14,49.5
1297,26,4.5,46160.95,15,43.7
1298,23,9.3,20813.41,116,78.2
1299,55,6.3,31440.93,116,46.1
1300,30,6.6,314463.64,86,42.9
1301,52,9.0,302680.56,9,75.5
1302,72,4.6,12656.29,60,46.5
1303,58,5.3,14553.0,113,52.9
1304,52,3.0,12589.23,12,35.4
1305,28,5.2,104511.66,95,59.0
1306,47,2.5,24378.84,3,35.5
1307,69,7.0,46151.02,96,80.4
1308,42,6.3,267524.74,65,78.9
1309,65,4.9,35937.45,106,30.2
1310,59,5.3,73588.84,50,29.5
1311,36,7.0,61109.39,94,58.9
1312,29,3.2,20166.59,101,36.4
1313,22,5.9,104732.18,39,50.7
1314,36,6.9,15526.43,77,63.9
1315,39,1.9,138673.81,55,21.1
1316,56,6.9,20182.05,52,52.7
1317,52,2.2,22517.14,96,21.1
1318,47,5.3,12228.35,27,45.5
1319,60,3.2,14410.91,15,39.1
1320,62,8.4,23700.13,58,64.9
1321,59,3.2,3192.79,98,30.1
1322,69,2.2,28757.9,20,30.0
1323,41,5.8,21851.52,41,49.0
1324,65,4.7,80018.34,80,51.8
1325,44,2.5,55435.79,57,20.1
1326,31,6.6,17896.54,73,47.1
1327,29,1.5,22958.63,63,22.9
1328,26,3.4,28720.95,97,37.0
1329,72,4.3,160485.13,105,33.2
1330,30,7.1,15957.68,54,70.4
1331,66,8.1,17680.88,52,82.1
1332,63,7.7,11747.74,34,58.9
1333,45,5.2,8249.93,53,58.3
1334,70,1.0,49365.33,100,5.0
1335,70,6.3,44484.82,60,62.7
1336,71,8.4,130975.01,83,61.9
1337,48,8.0,102889.31,50,73.8
1338,37,6.4,399159.64,85,47.1
1339,24,3.1,33729.47,85,31.2
1340,66,4.4,27986.3,63,34.3
1341,68,9.4,9894.89,112,74.1
1342,50,2.7,72880.63,105,43.5
1343,25,3.2,40885.64,19,31.5
1344,65,7.4,69651.97,28,78.7
1345,37,4.6,11624.56,114,39.1
1346,51,3.1,51616.89,48,43.6
1347,56,8.6,44587.09,37,57.2
1348,29,6.4,41732.48,95,52.5
1349,25,4.7,18338.06,72,38.6
1350,26,3.2,119291.42,16,44.7
1351,72,9.6,282182.01,11,78.7
1352,72,5.5,11963.98,97,31.8
1353,44,8.3,74640.91,92,57.6
1354,44,7.3,2042.95,42,53.0
1355,43,4.5,70870.53,103,49.0
1356,40,4.5,5596.21,15,47.9
1357,50,8.4,21483.33,104,66.4
1358,40,8.4,9769.06,10,64.4
1359,54,1.7,29272.05,76,27.6
1360,42,6.6,84018.62,101,47.2
1361,55,5.3,5668.54,74,50.8
1362,72,3.4,25349.65,93,36.8
1363,32,6.0,21733.96,41,49.8
1364,25,2.8,176495.15,35,32.8
1365,49,4.6,55924.68,32,43.0
1366,28,3.9,11190.08,14,41.3
1367,34,4.5,22667.91,34,30.8
1368,63,5.4,172147.03,30,52.7
1369,44,3.5,74188.57,91,42.7
1370,51,8.6,14498.01,26,72.8
1371,63,6.5,27803.84,20,60.3
1372,28,9.1,28706.84,88,72.8
1373,47,5.2,21205.55,65,53.5
1374,23,4.4,6566.84,26,41.3
1375,48,9.0,18441.86,85,63.8
1376,33,4.3,145684.6,26,46.7
1377,70,5.1,24806.36,94,32.6
1378,35,6.9,32752.89,4,60.6
1379,32,3.0,41794.73,71,27.9
1380,22,6.9,333747.97,72,54.7
1381,29,6.7,36639.23,45,58.3
1382,33,8.0,108439.25,82,60.3
1383,34,7.3,19966.67,46,65.2
1384,61,8.1,28017.95,78,67.2
1385,69,5.3,36774.23,27,42.2
1386,67,3.8,16745.2,68,47.3
1387,72,9.7,29622.28,90,79.5
1388,69,2.4,88260.76,115,31.8
1389,46,2.6,16311.66,43,39.5
1390,42,6.6,36318.74,57,67.4
1391,56,8.7,73771.93,57,75.5
1392,38,5.9,15923.22,103,48.9
1393,53,7.5,108598.6,115,51.1
1394,74,1.5,39061.14,77,22.2
1395,32,4.5,30787.91,98,50.3
1396,62,1.8,4874.89,11,25.4
1397,71,7.1,24993.91,91,32.1
1398,50,2.4,52659.0,97,33.8
1399,40,2.9,208010.75,86,37.8
1400,35,6.5,64080.1,70,53.1
1401,30,7.6,111995.75,108,71.1
1402,39,5.2,10838.89,78,51.4
1403,61,6.6,31989.96,101,50.7
1404,49,6.6,123099.28,22,66.4
1405,33,5.1,14947.01,80,35.6
1406,50,3.3,95341.71,53,32.6
1407,64,6.6,75608.04,104,54.9
1408,22,6.7,47797.26,105,50.3
1409,23,7.3,26141.97,101,63.5
1410,72,6.1,13544.08,26,63.2
1411,61,3.2,214352.96,59,42.4
1412,52,6.9,68313.49,1,64.1
1413,70,5.5,51052.82,117,34.9
1414,53,4.5,24032.21,31,30.8
1415,49,4.9,37717.2,75,45.6
1416,33,4.1,42818.15,59,38.4
1417,64,7.3,54169.63,108,57.1
1418,62,2.7,75685.38,98,44.1
1419,37,3.5,16606.15,93,35.3
1420,61,4.8,8378.32,77,47.9
1421,60,8.7,39508.88,15,78.8
1422,27,7.6,6328.27,110,63.6
1423,30,2.2,26274.1,8,46.1
1424,53,8.2,21824.97,55,59.9
1425,55,8.2,59382.1,46,62.6
1426,56,3.2,263707.82,47,24.9
1427,41,1.0,5194.78,117,29.5
1428,66,5.4,352986.48,28,54.2
1429,45,7.7,28765.29,70,59.5
1430,32,8.7,51421.35,26,64.0
1431,28,3.8,8823.45,109,47.7
1432,68,9.0,98407.43,88,75.9
1433,59,1.0,37853.27,50,28.3
1434,46,4.8,34150.5,10,43.1
1435,33,4.7,5232.35,19,47.0
1436,27,7.8,39096.84,29,67.0
1437,30,8.1,84611.74,49,61.7
1438,27,7.4,28673.29,106,60.6
1439,50,2.8,117500.67,15,20.1
1440,32,7.2,112746.27,69,64.4
1441,28,6.5,19127.93,42,61.6
1442,36,2.2,178995.13,6,33.3
1443,59,1.4,37998.23,74,25.1
1444,48,7.6,38167.71,84,62.2
1445,30,5.1,40093.97,115,58.1
1446,61,2.9,38922.03,61,37.4
1447,47,5.1,2617.22,39,56.8
1448,31,6.2,30166.69,102,65.0
1449,58,5.3,9284.05,30,46.1
1450,74,2.4,184671.84,82,29.9
1451,50,9.3,177385.92,113,81.3
1452,30,7.5,85130.3,1,53.3
1453,38,4.8,28610.6,111,34.6
1454,53,4.9,13253.08,25,33.9
1455,74,6.2,18815.17,58,52.5
1456,71,3.2,253379.06,31,29.7
1457,71,6.1,18175.01,18,41.2
1458,66,2.8,3444.05,84,30.8
1459,52,5.4,101738.95,58,47.0
1460,56,3.2,162836.7,61,41.9
1461,60,3.3,190844.78,58,49.2
1462,59,8.8,102574.84,89,75.3
1463,55,5.6,120755.08,115,43.6
1464,29,5.9,38289.62,62,56.5
1465,68,1.5,4553.74,19,20.6
1466,22,4.3,37342.26,39,38.2
1467,44,6.4,67614.16,60,47.9
1468,45,5.9,31720.86,13,47.6
1469,74,1.2,30307.91,28,17.0
1470,26,5.9,13847.8,25,57.7
1471,47,6.2,13336.52,116,57.5
1472,40,8.1,228238.98,48,81.3
1473,27,4.2,236652.09,105,44.8
1474,33,1.0,36219.5,66,20.4
1475,44,3.5,48123.39,61,32.1
1476,70,3.3,13617.92,112,24.8
1477,42,7.0,69049.22,83,54.4
1478,68,1.0,211007.55,29,11.4
1479,60,4.6,7869.65,34,21.7
1480,65,8.4,57750.27,80,60.7
1481,67,5.5,62256.75,1,61.3
1482,59,7.3,61550.09,19,64.0
1483,60,2.2,187740.82,9,22.4
1484,30,2.3,278178.48,85,29.3
1485,60,8.4,28753.54,53,53.2
1486,24,5.7,71194.7,2,52.2
1487,61,5.7,39507.02,89,60.1
1488,56,3.3,19300.47,79,32.1
1489,62,5.7,47610.76,86,35.7
1490,56,3.2,71075.61,20,29.1
1491,41,7.9,45113.13,105,75.5
1492,41,10.0,15045.27,22,82.1
1493,53,6.5,22843.9,68,44.2
1494,47,4.2,23019.4,67,58.3
1495,40,1.0,15639.52,27,7.0
1496,47,2.1,49689.04,45,22.8
1497,50,8.6,55166.55,7,61.9
1498,34,3.4,96714.4,57,25.5
1499,55,4.8,15403.93,81,40.0
1500,38,6.8,20384.32,37,62.7
1501,36,8.5,171883.03,64,79.8
1502,44,5.1,30807.21,114,42.6
1503,27,4.7,37426.38,28,34.8
1504,53,5.6,30482.14,35,53.0
1505,60,4.2,112761.56,15,43.5
1506,72,4.4,117220.1,65,42.7
1507,37,6.3,110548.33,25,56.3
1508,50,5.9,37293.25,102,50.4
1509,48,9.8,15177.42,35,79.4
1510,60,6.4,249001.22,80,53.3
1511,55,7.8,85503.19,23,73.2
1512,64,3.4,23002.11,39,51.6
1513,67,6.6,150816.46,21,57.6
1514,28,4.1,21255.93,66,38.6
1515,40,6.3,148851.35,4,56.1
1516,56,6.9,159258.6,10,53.0
1517,50,5.6,14450.98,60,55.3
1518,47,10.0,64975.03,65,83.5
1519,31,8.4,79395.0,40,65.4
1520,52,7.9,496286.77,52,72.5
1521,61,7.0,17286.81,50,59.2
1522,24,9.0,152138.0,91,65.2
1523,53,2.6,36950.93,54,31.0
1524,70,8.2,10494.81,101,69.3
1525,52,3.5,32209.37,26,42.2
1526,72,4.4,36405.12,24,47.5
1527,40,6.6,12595.69,49,55.3
1528,22,8.0,49621.21,10,62.2
1529,58,3.2,94637.52,80,32.4
1530,33,4.5,46083.06,47,44.4
1531,22,5.7,21123.81,44,53.8
1532,31,5.1,31304.84,64,48.1
1533,71,7.2,36150.88,10,59.7
1534,63,10.0,45130.86,45,88.0
1535,36,6.3,110175.6,116,48.7
1536,53,4.0,47664.39,75,57.8
1537,39,2.9,8931.18,69,36.4
1538,31,4.8,20695.65,61,34.6
1539,74,3.6,42874.01,56,36.7
1540,65,6.4,111761.73,112,61.0
1541,41,6.4,132965.69,111,52.0
1542,40,4.6,214204.26,49,30.2
1543,65,9.5,41382.54,111,68.2
1544,46,4.0,77909.97,10,42.3
1545,41,5.3,8480.62,39,33.1
1546,42,6.8,55819.67,36,46.0
1547,45,7.3,12391.13,83,65.4
1548,49,8.1,34113.92,73,64.9
1549,24,6.4,751508.94,57,49.2
1550,47,7.6,49195.34,31,59.2
1551,45,4.2,15308.86,61,27.6
1552,36,7.3,54599.99,33,65.0
1553,40,7.3,21653.55,60,54.6
1554,44,8.5,13894.6,41,65.2
1555,41,2.2,297491.08,106,28.2
1556,70,3.7,105536.49,89,33.8
1557,50,7.1,51304.65,21,54.1
1558,48,1.0,24542.87,112,5.0
1559,35,6.5,26614.47,79,58.4
1560,70,7.6,169817.88,42,63.8
1561,23,4.3,49344.3,64,36.0
1562,51,4.6,1664.36,24,33.9
1563,30,3.4,408782.5,6,33.9
1564,62,4.5,43610.9,51,45.3
1565,42,4.5,51193.56,94,42.3
1566,37,4.1,107655.85,42,51.8
1567,25,4.0,57838.09,46,43.6
1568,63,5.0,76642.62,118,44.1
1569,43,4.9,23772.31,118,50.2
1570,36,9.2,10616.92,56,74.8
1571,66,4.7,48061.31,6,43.3
1572,23,6.2,151996.79,81,63.8
1573,46,4.3,19000.06,86,32.9
1574,30,4.3,17535.38,109,40.3
1575,28,2.1,123132.87,113,34.2
1576,23,2.4,22988.62,75,29.3
1577,31,3.1,24087.3,13,28.7
1578,72,5.9,25005.62,30,37.7
1579,45,7.7,34030.72,86,45.7
1580,74,1.9,7527.83,73,39.9
1581,36,4.4,21176.77,52,43.3
1582,62,2.8,45723.52,48,24.9
1583,26,5.0,45398.66,85,47.8
1584,27,7.7,115611.77,51,56.3
1585,22,4.6,228523.02,19,39.6
1586,69,5.4,164799.27,117,40.3
1587,57,8.4,90640.13,42,57.5
1588,61,6.4,31296.62,34,38.0
1589,71,4.0,19475.86,9,25.2
1590,39,5.8,36970.61,56,58.8
1591,60,3.8,65223.74,118,28.7
1592,48,6.3,82614.28,20,58.4
1593,50,6.5,67716.54,30,63.2
1594,57,2.8,32171.12,22,29.7
1595,46,5.9,79766.77,12,48.9
1596,23,5.3,128139.21,72,48.2
1597,25,6.6,87567.08,36,52.9
1598,48,7.2,35171.34,90,70.0
1599,52,6.5,15774.52,48,70.5
1600,60,4.9,15404.77,76,55.9
1601,52,7.4,18375.66,11,44.6
1602,31,3.8,46961.12,40,33.1
1603,41,2.9,61071.69,50,30.3
1604,45,1.0,8826.09,8,20.7
1605,74,5.4,21938.64,50,34.0
1606,50,3.9,46317.98,56,23.4
1607,55,6.3,14769.51,49,64.6
1608,60,1.6,56044.66,61,16.7
1609,41,4.2,26704.08,95,27.5
1610,73,6.4,17616.3,92,46.0
1611,57,3.4,38300.01,2,36.9
1612,66,6.3,53759.75,77,47.5
1613,61,4.4,15544.64,108,42.7
1614,54,5.4,28492.26,104,40.0
1615,23,6.7,57969.85,39,42.9
1616,52,7.4,16948.08,94,73.2
1617,28,5.7,6920.5,96,53.1
1618,53,3.9,7812.08,44,34.6
1619,59,4.6,23907.54,104,38.0
1620,50,6.8,9716.51,76,69.3
1621,38,3.5,25649.47,90,39.2
1622,25,5.1,191940.91,89,54.9
1623,57,4.7,9149.02,93,38.2
1624,59,5.3,27375.27,114,47.5
1625,47,3.5,306295.18,103,37.7
1626,59,1.8,54618.62,51,18.2
1627,63,6.5,25141.54,67,54.7
1628,49,7.4,31042.65,78,57.1
1629,24,1.9,55790.7,102,26.5
1630,68,6.2,197950.43,47,42.8
1631,46,7.7,21357.25,38,68.5
1632,57,6.7,17024.18,88,59.4
1633,70,4.7,9147.09,114,41.3
1634,41,3.6,40259.29,109,38.8
1635,54,5.7,8904.51,18,47.0
1636,23,6.0,22838.83,110,46.6
1637,68,5.7,14637.13,94,54.2
1638,25,5.1,106310.94,19,50.4
1639,50,3.3,21842.3,1,29.0
1640,40,6.3,54010.32,25,49.4
1641,23,6.4,7302.03,111,53.3
1642,46,5.9,41419.5,90,46.9
1643,71,5.7,10903.51,69,62.1
1644,30,8.9,23726.59,76,74.8
1645,37,4.3,331440.16,50,40.2
1646,32,8.1,92242.33,108,59.2
1647,28,4.0,31939.14,19,43.9
1648,34,7.7,889969.0,38,59.0
1649,52,8.0,14542.42,24,60.8
1650,63,4.9,116449.9,101,50.5
1651,58,8.8,7842.6,65,74.7
1652,62,6.4,28454.95,82,34.8
1653,59,3.7,9435.27,110,34.6
1654,42,4.8,46970.54,24,44.6
1655,69,7.8,38406.05,115,61.9
1656,31,7.3,26697.77,16,62.4
1657,59,3.4,108234.67,90,19.3
1658,27,5.2,20597.01,84,23.8
1659,62,5.9,50354.93,99,43.5
1660,26,4.5,82500.11,19,43.8
1661,33,10.0,8240.19,115,54.2
1662,42,6.0,17181.45,95,45.3
1663,58,5.4,38325.13,14,32.4
1664,24,7.9,68196.83,67,63.4
1665,35,4.8,150427.69,98,59.3
1666,39,7.5,29264.2,57,60.8
1667,60,2.2,26463.69,46,24.5
1668,72,4.6,15174.99,33,48.9
1669,54,7.6,50512.9,62,63.4
1670,48,8.6,26980.84,118,68.5
1671,39,4.0,27610.95,73,45.4
1672,65,3.7,33061.06,86,39.7
1673,27,6.6,63046.51,93,58.5
1674,28,4.3,20666.5,93,39.0
1675,32,5.0,16778.3,48,42.2
1676,36,7.3,55922.62,92,68.4
1677,46,4.4,1762.12,40,38.1
1678,72,1.6,19857.2,70,31.1
1679,56,2.9,11483.78,36,21.9
1680,42,5.5,120965.21,112,60.0
1681,33,1.8,23366.7,87,26.4
1682,56,4.9,20728.89,70,36.6
1683,35,2.7,34591.99,54,33.0
1684,73,8.8,20022.81,62,66.4
1685,47,9.8,24278.63,93,78.9
1686,51,3.4,40019.03,33,29.9
1687,69,6.0,23812.35,99,50.9
1688,38,3.6,23642.06,34,42.7
1689,47,4.9,13224.71,17,48.4
1690,50,9.1,11455.4,88,64.7
1691,36,4.6,38585.7,85,33.7
1692,24,4.9,49345.43,40,46.5
1693,37,3.6,8706.66,78,37.9
1694,27,7.8,77648.03,87,59.2
1695,57,1.0,77967.52,94,29.7
1696,22,4.6,96248.55,114,48.7
1697,38,5.4,49015.36,102,42.8
1698,68,4.2,68670.99,53,33.6
1699,52,7.2,322876.72,28,58.6
1700,57,7.9,26862.28,12,62.6
1701,57,2.7,12763.04,69,38.9
1702,37,9.7,7831.74,80,85.8
1703,55,2.7,210170.4,83,29.2
1704,33,8.1,212944.59,2,72.1
1705,55,5.8,14406.0,84,57.2
1706,58,4.5,17547.72,94,42.0
1707,68,4.7,26265.43,86,46.1
1708,70,5.4,123532.17,63,52.6
1709,23,5.9,10023.6,2,55.2
1710,37,3.7,5081.6,59,29.7
1711,50,5.0,317271.92,77,39.6
1712,39,4.0,49631.12,68,35.7
1713,54,3.1,57205.96,69,26.0
1714,67,3.9,29581.19,62,25.5
1715,35,3.2,57860.19,66,37.8
1716,69,4.7,7988.79,39,45.7
1717,68,6.4,15663.36,72,44.1
1718,70,5.7,40342.38,34,48.0
1719,25,9.4,3748.49,59,74.3
1720,37,1.1,26835.54,50,19.2
1721,28,6.4,25231.18,85,46.1
1722,28,5.5,26830.91,107,37.7
1723,24,7.1,20929.57,76,63.9
1724,45,6.9,13414.72,17,46.0
1725,26,5.2,5872.1,80,44.5
1726,37,5.8,41971.54,39,48.0
1727,74,4.0,26899.85,6,37.0
1728,68,6.7,9179.41,23,58.9
1729,71,1.7,38658.94,119,34.7
1730,23,7.1,27039.39,51,46.9
1731,57,5.5,22901.92,25,55.5
1732,55,4.5,4201.11,16,21.4
1733,29,5.0,71881.02,78,56.1
1734,70,5.2,10582.42,91,30.1
1735,43,8.1,38687.44,43,86.2
1736,73,10.0,16183.24,13,76.9
1737,28,7.9,24618.99,43,75.6
1738,56,4.4,114954.59,80,49.5
1739,28,6.8,61797.5,14,54.1
1740,72,6.8,112424.81,32,54.7
1741,54,3.6,50533.18,1,28.5
1742,26,3.0,53967.84,57,37.3
1743,33,5.4,6117.21,21,44.4
1744,41,7.1,26435.82,24,53.1
1745,22,2.3,29001.16,14,30.4
1746,22,4.1,123459.05,87,31.5
1747,71,6.6,21889.68,59,53.6
1748,74,5.6,47328.1,113,50.1
1749,50,8.3,45513.18,48,63.0
1750,69,2.7,115575.02,27,25.0
1751,56,10.0,31769.31,25,92.3
1752,23,2.4,83098.92,114,25.2
1753,59,1.4,6602.05,71,16.9
1754,22,5.4,7229.9,39,46.4
1755,65,3.2,3702.1,78,36.0
1756,41,5.4,79696.82,67,39.5
1757,29,5.4,71229.83,14,51.2
1758,35,5.1,89038.81,84,47.7
1759,58,3.8,18446.65,15,22.3
1760,66,6.4,20670.28,24,69.2
1761,52,4.9,32175.24,85,56.0
1762,30,7.7,153844.76,53,57.5
1763,69,5.1,197566.03,27,36.7
1764,63,3.6,80322.78,9,37.0
1765,43,2.1,50565.24,71,13.3
1766,51,5.2,138051.58,83,57.3
1767,73,3.0,28117.78,25,27.3
1768,42,2.8,24564.52,50,42.6
1769,23,6.6,31919.68,41,49.6
1770,29,1.9,13647.15,107,22.4
1771,53,8.3,30485.02,95,78.2
1772,74,5.8,11879.77,33,48.0
1773,61,5.4,101215.56,62,50.0
1774,54,3.4,62547.87,110,42.5
1775,39,7.0,151685.17,42,54.6
1776,45,5.5,7120.39,17,38.4
1777,24,4.1,243213.99,36,27.0
1778,41,5.9,7536.59,73,56.0
1779,55,2.1,10956.54,119,27.8
1780,70,2.2,19519.68,37,33.9
1781,70,3.3,134285.14,7,30.9
1782,65,6.2,45504.82,22,42.0
1783,23,5.5,28457.61,50,29.7
1784,64,7.6,16438.35,12,86.1
1785,33,3.7,9173.41,5,40.1
1786,54,6.6,112716.07,79,57.3
1787,72,5.3,80711.74,99,49.3
1788,69,3.6,140428.03,28,23.7
1789,57,6.3,54004.26,63,47.7
1790,37,5.4,2586.08,69,61.7
1791,49,4.2,10461.08,80,44.7
1792,59,5.6,57807.36,117,43.1
1793,49,5.2,25091.46,106,36.6
1794,43,5.2,20767.78,38,42.3
1795,43,4.7,12049.44,117,40.4
1796,53,2.9,93675.28,5,46.7
1797,23,5.6,57307.84,115,47.7
1798,74,3.9,59945.51,17,27.8
1799,27,3.5,19271.79,14,34.0
1800,74,5.0,43316.45,15,47.1
1801,23,7.0,9530.33,15,48.8
1802,49,5.9,31893.96,56,54.5
1803,44,4.4,2898.85,77,50.5
1804,52,4.4,7569.51,89,41.9
1805,44,6.8,26309.57,2,51.2
1806,69,1.0,390474.58,36,12.8
1807,22,7.1,5998.45,16,46.4
1808,74,1.8,10471.57,18,21.5
1809,58,2.7,45106.19,89,31.4
1810,63,4.5,213079.99,77,34.3
1811,29,9.8,44452.32,25,94.1
1812,25,8.9,73287.24,36,78.6
1813,43,6.9,25910.31,111,44.0
1814,39,6.2,21793.75,69,39.2
1815,63,1.8,39426.14,29,14.7
1816,69,5.8,18801.85,112,63.2
1817,44,4.4,74926.98,24,47.9
1818,62,3.9,7286.13,35,50.3
1819,25,5.8,88431.81,83,50.7
1820,61,4.6,37771.61,61,40.5
1821,27,7.2,29298.13,9,50.4
1822,57,1.6,7023.49,97,24.0
1823,42,5.7,13632.49,28,48.3
1824,44,3.7,120409.23,83,34.0
1825,36,4.7,29478.04,40,55.8
1826,43,6.1,47973.23,90,51.7
1827,68,3.3,15070.1,107,43.7
1828,64,5.8,35275.55,92,37.9
1829,40,5.1,9208.18,110,67.2
1830,37,4.2,40130.11,65,36.4
1831,48,4.6,52608.92,8,47.9
1832,58,5.2,50041.84,64,53.3
1833,31,4.0,14711.95,55,34.0
1834,60,5.5,25795.34,86,55.1
1835,72,4.9,62143.04,30,51.3
1836,66,4.3,29394.49,84,34.4
1837,51,8.7,27246.89,53,65.3
1838,38,6.3,243645.02,80,54.5
1839,39,4.7,14030.81,50,42.0
1840,61,5.8,106982.28,46,61.7
1841,46,3.4,11445.13,26,39.4
1842,27,4.6,69897.22,99,41.6
1843,57,4.9,73729.08,9,49.1
1844,29,3.0,21799.34,29,14.6
1845,74,6.3,10748.52,51,49.2
1846,44,4.5,5062.25,19,43.8
1847,40,4.8,19631.42,110,52.5
1848,24,4.4,61464.72,42,42.4
1849,30,10.0,12361.87,29,91.7
1850,72,4.2,40012.56,31,46.3
1851,50,1.4,8296.34,23,15.9
1852,69,2.3,28741.92,79,25.0
1853,72,7.0,11532.87,58,62.3
1854,24,8.2,33591.2,28,63.8
1855,42,4.1,22002.7,104,51.0
1856,66,8.1,11043.9,79,57.8
1857,48,7.0,18790.87,48,61.5
1858,48,5.1,14268.98,62,51.6
1859,52,5.0,9760.27,79,42.5
1860,59,5.9,107231.55,19,47.0
1861,71,7.3,25332.04,97,60.5
1862,69,6.3,4014.93,31,60.6
1863,55,4.1,19471.73,4,34.7
1864,52,5.2,90645.51,63,37.8
1865,41,9.5,16960.48,105,85.7
1866,28,6.0,162388.01,88,55.2
1867,59,7.2,15418.72,37,68.5
1868,22,6.6,60078.54,48,62.3
1869,59,6.0,102399.65,71,69.4
1870,48,5.7,56965.09,28,58.8
1871,63,7.3,9186.64,98,55.3
1872,72,6.9,14150.87,36,62.1
1873,51,6.0,117016.59,26,47.5
1874,52,4.1,16242.53,12,35.1
1875,47,6.3,96343.63,83,42.8
1876,41,5.4,23616.84,3,45.5
1877,26,4.9,41832.86,96,48.7
1878,23,10.0,9080.57,116,79.5
1879,60,2.4,19766.27,14,18.0
1880,70,7.4,15133.92,12,49.6
1881,24,3.8,45506.01,112,53.5
1882,39,5.8,39862.75,15,53.2
1883,54,10.0,57679.08,49,73.4
1884,59,3.6,22236.21,104,38.9
1885,60,4.1,14325.12,17,56.2
1886,58,5.5,43596.37,79,53.5
1887,26,3.8,12970.22,46,14.3
1888,35,7.3,106768.96,52,82.3
1889,46,4.4,32385.87,111,26.0
1890,25,6.8,26209.18,78,56.0
1891,40,2.8,57651.74,39,20.5
1892,42,1.9,33645.53,112,17.4
1893,73,5.0,6918.46,70,47.3
1894,38,2.4,12563.74,12,10.2
1895,73,8.5,104580.11,47,68.8
1896,59,2.4,39493.22,30,36.0
1897,58,3.4,6757.66,77,27.1
1898,65,6.3,51643.11,103,43.0
1899,66,4.3,20759.12,5,39.0
1900,33,2.5,15146.13,93,24.8
1901,44,9.6,11557.93,110,72.4
1902,49,3.5,98708.81,119,25.0
1903,73,5.1,5087.3,79,49.9
1904,24,5.1,15716.52,38,50.5
1905,47,6.9,40950.81,18,49.8
1906,33,6.4,176021.79,113,47.4
1907,32,3.8,63187.27,50,37.7
1908,62,4.8,15583.62,41,35.9
1909,32,5.0,167603.01,88,46.4
1910,64,7.0,9366.33,86,70.7
1911,74,3.2,47350.67,97,31.9
1912,63,9.5,59147.21,106,66.8
1913,31,4.0,15046.26,105,41.1
1914,29,5.5,72954.63,21,47.1
1915,45,3.2,21722.63,21,31.2
1916,51,2.9,72776.07,25,34.1
1917,63,3.8,5769.87,75,42.1
1918,44,3.6,50765.69,70,35.5
1919,30,4.7,24050.07,103,42.4
1920,74,3.5,114657.39,101,51.0
1921,69,6.9,34752.93,97,67.9
1922,56,3.9,126655.94,10,44.0
1923,58,3.7,60331.69,83,36.9
1924,71,4.7,31968.03,102,34.9
1925,47,7.5,79831.17,117,71.5
1926,29,5.9,80342.86,41,52.5
1927,54,5.3,58215.68,93,42.5
1928,45,2.6,3669.09,49,26.3
1929,64,3.2,13594.76,20,24.7
1930,62,2.9,144944.45,41,38.8
1931,46,8.1,10342.89,30,72.2
1932,41,6.6,87768.78,109,57.7
1933,44,3.8,73603.85,21,36.3
1934,55,4.4,17575.26,16,35.4
1935,55,3.8,4938.26,69,19.6
1936,49,3.7,20559.69,69,24.6
1937,50,6.4,290109.88,67,48.9
1938,74,4.9,15317.06,18,37.2
1939,35,9.7,16411.58,60,80.2
1940,31,8.0,13392.06,111,72.5
1941,64,8.1,122367.55,11,65.7
1942,71,6.8,28483.61,95,68.9
1943,54,4.7,19420.68,15,36.6
1944,43,6.7,149264.33,28,55.8
1945,40,4.8,64828.08,107,43.2
1946,46,8.8,14482.69,36,80.3
1947,24,6.3,10683.08,63,54.9
1948,50,6.0,115632.23,46,53.1
1949,36,5.8,36930.32,74,37.4
1950,36,9.0,7715.11,49,65.8
1951,51,2.6,6105.13,53,37.0
1952,73,9.2,11896.05,98,57.8
1953,32,5.1,10514.55,66,56.4
1954,70,2.7,4693.45,68,32.9
1955,49,4.0,12094.34,96,32.0
1956,73,2.2,14485.73,51,18.7
1957,42,6.8,22864.0,99,72.8
1958,74,3.4,197384.73,86,45.1
1959,56,5.8,27810.16,106,49.6
1960,57,7.8,30712.5,55,65.7
1961,51,4.2,60430.87,67,34.2
1962,45,5.0,28643.5,16,46.1
1963,49,2.9,54184.65,14,24.9
1964,67,4.7,48079.68,13,42.3
1965,63,10.0,41051.74,76,94.5
1966,23,7.1,577501.36,39,58.9
1967,58,5.0,90321.05,35,36.6
1968,66,4.3,12311.36,72,29.2
1969,61,5.4,52586.89,48,48.8
1970,48,5.8,16453.0,17,44.5
1971,39,4.7,56740.91,67,44.9
1972,57,6.6,9180.28,66,43.2
1973,57,3.6,11994.7,17,40.7
1974,41,3.6,51221.14,33,26.7
1975,43,6.2,98485.94,29,53.8
1976,41,3.2,60032.68,83,29.7
1977,24,7.0,85316.0,30,72.7
1978,23,5.5,52776.36,4,49.9
1979,26,1.8,43152.52,32,38.2
1980,44,5.7,21945.27,56,54.4
1981,49,2.1,81879.33,92,36.1
1982,43,6.9,101202.55,7,56.6
1983,72,5.0,34094.26,105,47.8
1984,33,9.2,32308.12,40,84.1
1985,42,7.6,178332.63,41,70.4
1986,35,3.4,35581.4,2,38.0
1987,37,1.5,39170.76,33,17.9
1988,52,4.0,58937.09,56,36.7
1989,38,3.1,32931.79,75,40.8
1990,38,9.2,15989.05,92,85.2
1991,57,5.5,52995.67,63,43.8
1992,66,7.4,34935.02,12,55.8
1993,33,4.9,229176.96,47,37.1
1994,27,5.1,79893.4,88,52.3
1995,34,5.4,20020.61,77,40.4
1996,52,7.7,75286.81,70,70.4
1997,72,6.1,49407.91,61,57.1
1998,30,3.4,134514.37,61,29.4
1999,24,8.7,21494.36,119,83.4
2000,49,4.9,43856.41,72,32.6
